Workbook

Sheet مواد المخزون
A1: مادة مخزون | B1: Name EN | C1: Code | D1: نوع المادة | E1: وحدة القياس | F1: الكمية الحالية | G1: حد التنبيه | H1: الكلفة التقديرية للوحدة | I1: المورد المفضل | J1: ملاحظات
A2: بطاطا | B2: Potato | C2: ING-VEG-POTATO | D2: مكوّن | E2: كغ | H2: 7000 | J2: مرجع سعر المشروع: 7,000 ل.س/كغ.
A3: بصل | B3: Onion | C3: ING-VEG-ONION | D3: مكوّن | E3: كغ | H3: 12000 | J3: مرجع سعر المشروع: 12,000 ل.س/كغ.
A4: كوسا | B4: Zucchini | C4: ING-VEG-ZUCCHINI | D4: مكوّن | E4: كغ | H4: 8000 | J4: مرجع سعر المشروع: 8,000 ل.س/كغ.
A5: ليمون | B5: Lemon | C5: ING-FRT-LEMON | D5: مكوّن | E5: كغ | H5: 30000 | J5: مرجع سعر المشروع: 30,000 ل.س/كغ.
A6: بندورة | B6: Tomato | C6: ING-VEG-TOMATO | D6: مكوّن | E6: كغ | H6: 9000 | J6: مرجع سعر المشروع: 9,000 ل.س/كغ.
A7: فاصوليا خضراء | B7: Green Beans | C7: ING-VEG-GREENBEAN | D7: مكوّن | E7: كغ | H7: 15500 | J7: مرجع سعر المشروع: 15,500 ل.س/كغ.
A8: فجل | B8: Radish | C8: ING-VEG-RADISH | D8: مكوّن | E8: عبوة | H8: 2000 | J8: العبوة المقصودة جرزة، نحو 4–5 حبات.
A9: باذنجان | B9: Eggplant | C9: ING-VEG-EGGPLANT | D9: مكوّن | E9: كغ | H9: 5000 | J9: مرجع سعر المشروع: 5,000 ل.س/كغ.
A10: فليفلة حارة | B10: Hot Pepper | C10: ING-VEG-HOTPEPPER | D10: مكوّن | E10: كغ | H10: 10000 | J10: مرجع سعر المشروع: 10,000 ل.س/كغ.
A11: فليفلة حلوة | B11: Bell Pepper | C11: ING-VEG-BELLPEPPER | D11: مكوّن | E11: كغ | H11: 9000 | J11: مرجع سعر المشروع: 9,000 ل.س/كغ.
A12: خيار / بعجور | B12: Cucumber | C12: ING-VEG-CUCUMBER | D12: مكوّن | E12: كغ | H12: 5000 | J12: مرجع السعر سُجّل باسم بعجور: 5,000 ل.س/كغ.
A13: بازيلا خضراء | B13: Green Peas | C13: ING-VEG-GREENPEAS | D13: مكوّن | E13: كغ | H13: 8000 | J13: مرجع سعر المشروع: 8,000 ل.س/كغ.
... A17: جزر | B17: Carrot | C17: ING-VEG-CARROT | D17: مكوّن | E17: كغ | H17: 9000 | J17: مرجع سعر المشروع: 9,000 ل.س/كغ.
A18: شمندر | B18: Beetroot | C18: ING-VEG-BEET | D18: مكوّن | E18: كغ
A19: سبانخ | B19: Spinach | C19: ING-VEG-SPINACH | D19: مكوّن | E19: كغ
A20: كرفس | B20: Celery | C20: ING-HERB-CELERY | D20: مكوّن | E20: عبوة
A21: بصل أخضر | B21: Spring Onion | C21: ING-HERB-SPRINGONION | D21: مكوّن | E21: عبوة
A22: ثوم طازج | B22: Fresh Garlic | C22: ING-VEG-GARLIC | D22: مكوّن | E22: كغ | H22: 8000 | J22: مرجع سعر المشروع: 8,000 ل.س/كغ.
A23: فطر طازج | B23: Fresh Mushroom | C23: ING-VEG-MUSHROOM | D23: مكوّن | E23: كغ
A24: ذرة حلوة | B24: Sweet Corn | C24: ING-VEG-SWEETCORN | D24: مكوّن | E24: كغ
A25: عرانيس ذرة | B25: Corn on the Cob | C25: ING-VEG-CORNCOB | D25: مكوّن | E25: قطعة
A26: ورق عنب | B26: Grape Leaves | C26: ING-VEG-GRAPELEAF | D26: مكوّن | E26: كغ
A27: نعنع طازج | B27: Fresh Mint | C27: ING-HERB-MINT | D27: مكوّن | E27: عبوة | H27: 1500 | J27: سُجّل السعر لجرزة نعنع أو بقدونس: 1,500 ل.س.
A28: بقدونس | B28: Parsley | C28: ING-HERB-PARSLEY | D28: مكوّن | E28: عبوة | H28: 1500 | J28: سُجّل السعر لجرزة نعنع أو بقدونس: 1,500 ل.س.
A29: كزبرة خضراء | B29: Fresh Coriander | C29: ING-HERB-CILANTRO | D29: مكوّن | E29: عبوة
A30: حبق / ريحان | B30: Fresh Basil | C30: ING-HERB-BASIL | D30: مكوّن | E30: عبوة | J30: أساسي لسندويشات حبق ومشروب الجن بالحبق.
A31: زعتر بري طازج | B31: Fresh Wild Thyme | C31: ING-HERB-WILDTHYME | D31: مكوّن | E31: عبوة | H31: 3000 | J31: مرجع سعر المشروع: 3,000 ل.س/جرزة.
A32: ترخون | B32: Tarragon | C32: ING-HERB-TARRAGON | D32: مكوّن | E32: عبوة | H32: 3000 | J32: مرجع سعر المشروع: 3,000 ل.س/جرزة.
A33: شبت | B33: Dill | C33: ING-HERB-DILL | D33: مكوّن | E33: عبوة
A34: تفاح | B34: Apple | C34: ING-FRT-APPLE | D34: مكوّن | E34: كغ | J34: للعصير، شاي التفاح، السموذي والحلويات.
A35: بطيخ أحمر | B35: Watermelon | C35: ING-FRT-WATERMELON | D35: مكوّن | E35: كغ | J35: لعصير البطيخ.
A36: رمان | B36: Pomegranate | C36: ING-FRT-POMEGRANATE | D36: مكوّن | E36: كغ
A37: برتقال | B37: Orange | C37: ING-FRT-ORANGE | D37: مكوّن | E37: كغ
A38: موز | B38: Banana | C38: ING-FRT-BANANA | D38: مكوّن | E38: كغ | J38: للميلك شيك والسموذي.
A39: فريز | B39: Strawberry | C39: ING-FRT-STRAWBERRY | D39: مكوّن | E39: كغ | J39: للميلك شيك والسموذي.
A40: مشمش | B40: Apricot | C40: ING-FRT-APRICOT | D40: مكوّن | E40: كغ
A41: تين | B41: Fig | C41: ING-FRT-FIG | D41: مكوّن | E41: كغ
A42: عنب | B42: Grapes | C42: ING-FRT-GRAPES | D42: مكوّن | E42: كغ | J42: للعصير، الجلاب، الدبس والمنتجات الموسمية.
A43: لبن مبستر | B43: Pasteurized Yogurt | C43: ING-DAIRY-YOGURT-PAST | D43: مكوّن | E43: كغ | H43: 15000 | J43: مرجع سعر المشروع: 15,000 ل.س/كغ.
A44: لبن بلدي | B44: Local Yogurt | C44: ING-DAIRY-YOGURT-LOCAL | D44: مكوّن | E44: عبوة | H44: 10000 | J44: عبوة 700 غ.
A45: حليب | B45: Milk | C45: ING-DAIRY-MILK | D45: مكوّن | E45: لتر | H45: 15000 | J45: مرجع سعر المشروع: 15,000 ل.س/لتر.
A46: كريمة طبخ | B46: Cooking Cream | C46: ING-DAIRY-COOKCREAM | D46: مكوّن | E46: لتر
A47: كريمة خفق | B47: Whipping Cream | C47: ING-DAIRY-WHIPCREAM | D47: مكوّن | E47: لتر
A48: زبدة | B48: Butter | C48: ING-DAIRY-BUTTER | D48: مكوّن | E48: كغ
A49: سمنة | B49: Ghee | C49: ING-DAIRY-GHEE | D49: مكوّن | E49: كغ
A50: بيض | B50: Egg | C50: ING-DAIRY-EGG | D50: مكوّن | E50: قطعة | H50: 1500 | J50: صحن 30 بيضة = 45,000 ل.س؛ الكلفة المحسوبة للبيضة 1,500 ل.س.
A51: جبنة بيضاء | B51: White Cheese | C51: ING-CHEESE-WHITE | D51: مكوّن | E51: كغ | J51: لسندويش حبق، الفطور والمازات.
A52: جبنة برغر | B52: Burger Cheese | C52: ING-CHEESE-BURGER | D52: مكوّن | E52: عبوة | H52: 20000 | J52: وزن العبوة غير محدد في المرجع.
A53: جبنة موزاريلا | B53: Mozzarella | C53: ING-CHEESE-MOZZARELLA | D53: مكوّن | E53: كغ
A54: جبنة حلوم | B54: Halloumi | C54: ING-CHEESE-HALLOUMI | D54: مكوّن | E54: كغ | J54: لـ Crunchy Halloumi Dog والسندويشات.
A55: لبنة | B55: Labneh | C55: ING-DAIRY-LABNEH | D55: مكوّن | E55: كغ
A56: جبنة كريمية | B56: Cream Cheese | C56: ING-CHEESE-CREAM | D56: مكوّن | E56: كغ
A57: جبنة بارميزان | B57: Parmesan | C57: ING-CHEESE-PARMESAN | D57: مكوّن | E57: كغ
A58: آيس كريم فانيلا | B58: Vanilla Ice Cream | C58: ING-DAIRY-ICECREAM-VAN | D58: مكوّن | E58: كغ | J58: للميلك شيك والحلويات.
A59: شنينة جاهزة | B59: Ready Ayran | C59: DRK-AYRAN-READY | D59: مشروبات ومستلزمات | E59: لتر | J59: يمكن تحضيرها داخلياً من اللبن والماء والملح بدل شرائها.
A60: صدر دجاج | B60: Chicken Breast | C60: ING-MEAT-CHICKENBREAST | D60: مكوّن | E60: كغ | H60: 35000 | J60: السعر الذي ناقشناه للدجاج: نحو 35,000 ل.س/كغ.
A61: دجاج كامل | B61: Whole Chicken | C61: ING-MEAT-WHOLECHICKEN | D61: مكوّن | E61: كغ
A62: لحم بقر مكعبات | B62: Beef Cubes | C62: ING-MEAT-BEEF-CUBES | D62: مكوّن | E62: كغ
A63: لحم بقر مفروم | B63: Ground Beef | C63: ING-MEAT-BEEF-GROUND | D63: مكوّن | E63: كغ
A64: لحم غنم مكعبات | B64: Lamb Cubes | C64: ING-MEAT-LAMB-CUBES | D64: مكوّن | E64: كغ
A65: لحم غنم مفروم | B65: Ground Lamb | C65: ING-MEAT-LAMB-GROUND | D65: مكوّن | E65: كغ
A66: فخذ خروف | B66: Lamb Leg | C66: ING-MEAT-LAMB-LEG | D66: مكوّن | E66: كغ
A67: ستيك بقر | B67: Beef Steak | C67: ING-MEAT-BEEF-STEAK | D67: مكوّن | E67: كغ
A68: نقانق هوت دوغ | B68: Hot Dog Sausage | C68: ING-MEAT-HOTDOG | D68: مكوّن | E68: قطعة | H68: 4000 | J68: الكلفة التقريبية التي ناقشناها: 4,000 ل.س للحبة.
A69: سجق حار | B69: Spicy Sausage | C69: ING-MEAT-SUJUK | D69: مكوّن | E69: كغ
A70: فيليه سمك | B70: Fish Fillet | C70: ING-FISH-FILLET | D70: مكوّن | E70: كغ
A71: سمك كامل | B71: Whole Fish | C71: ING-FISH-WHOLE | D71: مكوّن | E71: كغ
A72: كروش | B72: Tripe | C72: ING-OFFAL-TRIPE | D72: مكوّن | E72: كغ
A73: فوارغ | B73: Stuffed Intestine Casing | C73: ING-OFFAL-INTESTINE | D73: مكوّن | E73: كغ
A74: فلافل جاهزة | B74: Prepared Falafel | C74: ING-PREP-FALAFEL | D74: مكوّن | E74: قطعة | J74: يُضاف فقط إن كانت تُشترى جاهزة؛ وإلا تُدار كوصفة/دفعة إنتاج.
A75: حمص جاهز | B75: Prepared Hummus | C75: ING-PREP-HUMMUS | D75: مكوّن | E75: كغ | J75: يُضاف فقط إن كان يُشترى جاهزاً؛ وإلا يُدار كوصفة/دفعة إنتاج.
A76: محمّرة جاهزة | B76: Prepared Muhammara | C76: ING-PREP-MUHAMMARA | D76: مكوّن | E76: كغ | J76: الاسم المعتمد محمّرة، وليس حمرة. تُضاف إن كانت تُشترى جاهزة.
A77: طحين أبيض | B77: White Flour | C77: ING-DRY-WHITEFLOUR | D77: مكوّن | E77: كغ | H77: 10000 | J77: مرجع سعر المشروع: 10,000 ل.س/كغ.
A78: طحين ذرة | B78: Corn Flour | C78: ING-DRY-CORNFLOUR | D78: مكوّن | E78: كغ
A79: سميد | B79: Semolina | C79: ING-DRY-SEMOLINA | D79: مكوّن | E79: كغ
A80: بقسماط / كعك مطحون | B80: Breadcrumbs | C80: ING-DRY-BREADCRUMB | D80: مكوّن | E80: كغ
A81: رز مصري | B81: Egyptian Rice | C81: ING-RICE-EGYPTIAN | D81: مكوّن | E81: كغ | H81: 18000 | J81: مرجع سعر المشروع: 18,000 ل.س/كغ.
A82: رز طويل الحبة | B82: Long Grain Rice | C82: ING-RICE-LONG | D82: مكوّن | E82: كغ | H82: 23000 | J82: مرجع السعر: رز طويل سيدي هشام 23,000 ل.س/كغ.
A83: رز بسمتي | B83: Basmati Rice | C83: ING-RICE-BASMATI | D83: مكوّن | E83: كغ
A84: برغل ناعم | B84: Fine Bulgur | C84: ING-GRAIN-BULGUR-FINE | D84: مكوّن | E84: كغ
A85: برغل خشن | B85: Coarse Bulgur | C85: ING-GRAIN-BULGUR-COARSE | D85: مكوّن | E85: كغ
A86: فريكة | B86: Freekeh | C86: ING-GRAIN-FREEKEH | D86: مكوّن | E86: كغ
A87: معكرونة | B87: Pasta | C87: ING-PASTA-REGULAR | D87: مكوّن | E87: كغ
A88: شرائح لازانيا | B88: Lasagna Sheets | C88: ING-PASTA-LASAGNA | D88: مكوّن | E88: كغ
A89: نودلز | B89: Noodles | C89: ING-PASTA-NOODLES | D89: مكوّن | E89: كغ
A90: نيوكي | B90: Gnocchi | C90: ING-PASTA-GNOCCHI | D90: مكوّن | E90: كغ
A91: مغربية | B91: Moghrabieh Pearls | C91: ING-GRAIN-MOGHRABIEH | D91: مكوّن | E91: كغ
A92: حمص حب | B92: Chickpeas | C92: ING-LEGUME-CHICKPEA | D92: مكوّن | E92: كغ
A93: حمص معلب | B93: Canned Chickpeas | C93: ING-CAN-CHICKPEA | D93: مكوّن | E93: عبوة
A94: عدس أحمر | B94: Red Lentils | C94: ING-LEGUME-LENTIL-RED | D94: مكوّن | E94: كغ
... A98: ذرة فشار | B98: Popcorn Kernels | C98: ING-DRY-POPCORN | D98: مكوّن | E98: كغ
A99: خبز سمون | B99: Samoon Bread | C99: ING-BREAD-SAMOON | D99: مكوّن | E99: قطعة | J99: خيار خبز أساسي للسندويشات.
A100: خبز باغيت | B100: Baguette | C100: ING-BREAD-BAGUETTE | D100: مكوّن | E100: قطعة | J100: خيار خبز أساسي للسندويشات.
A101: خبز عربي | B101: Arabic Flatbread | C101: ING-BREAD-PITA | D101: مكوّن | E101: قطعة | J101: خيار الخبز العادي.
A102: خبز هوت دوغ | B102: Hot Dog Bun | C102: ING-BREAD-HOTDOG | D102: مكوّن | E102: قطعة | H102: 1000 | J102: الكلفة التقريبية التي ناقشناها: 1,000 ل.س للحبة.
A103: خبز برغر | B103: Burger Bun | C103: ING-BREAD-BURGER | D103: مكوّن | E103: قطعة
A104: عجينة بف باستري | B104: Puff Pastry | C104: ING-DOUGH-PUFF | D104: مكوّن | E104: كغ | J104: للكيش والبوريك وبعض المعجنات.
A105: رقائق فيلو | B105: Phyllo Pastry | C105: ING-DOUGH-PHYLLO | D105: مكوّن | E105: عبوة
A106: خميرة خبز جافة | B106: Dry Baker's Yeast | C106: ING-BAKE-YEAST | D106: مكوّن | E106: غ
...

Sheet دليل الإدخال
A1: دليل إعداد مواد المخزون
A2: عدد المواد المقترحة | B2: 252
A3: مبدأ القائمة | B3: مواد خام، مشروبات جاهزة، تغليف، تنظيف ومستهلكات تشغيل. المنتجات المباعة مثل كابتشينو أو سندويش لا تُضاف هنا؛ تُربط بهذه المواد عبر وصفة المنتج.
A4: الأكواد | B4: أكواد مقترحة وليست بيانات سابقة. يمكن اعتمادها كما هي أو تعديلها قبل الإدخال.
A5: الكمية الحالية | B5: تُركت فارغة لأنها تحتاج جرداً فعلياً. أدخل رصيد الافتتاح بعد العد أو عبر حركة مخزون.
A6: حد التنبيه | B6: تُرك فارغاً. الأفضل تحديده لاحقاً حسب الاستهلاك وزمن التوريد.
A7: الكلفة التقديرية | B7: معبأة فقط عندما كان السعر معروفاً. عند تحويل سعر عبوة إلى كغ/لتر، تم توضيح الحساب في الملاحظات.
A8: المورد المفضل | B8: تُرك فارغاً لعدم وجود أسماء موردين مؤكدة.
A9: ملاحظة المنتجات المحضّرة | B9: الحمص، المحمّرة، الفلافل، الشنينة والصوصات المحضّرة تُضاف كمخزون مستقل فقط إذا كانت تُشترى جاهزة أو تُدار كدفعات إنتاج.
A10: ملاحظة الأسعار | B10: الأسعار تاريخية من مراجع المشروع، ويجب تحديثها قبل الشراء أو احتساب الهامش.
A12: نوع المادة — القيمة الظاهرة | B12: القيمة التقنية في النظام
A13: مكوّن | B13: ingredient
A14: مشروبات ومستلزمات | B14: drink_supply
A15: تغليف | B15: packaging
... A30: أخرى | B30: other

Sheet المصادر
A1: المصدر | B1: الاستخدام
A2: https://github.com/Maximad/hub/blob/main/core/models.py | B2: الحقول والخيارات الحالية لنموذج InventoryItem.
A3: Morning picture request.txt — مرجع الأسعار | B3: الأسعار المعروفة للخضار، الألبان، الصوصات، البهارات، المشروبات والتنظيف.
A4: Hub / Masharib project conversations | B4: منتجات مشاريب، سفرة، السندويشات، Black Barrel، الكيش، المازة والأطباق اليومية.
A5: deep-research-report.md | B5: المشروبات المحلية: المتة، الجلاب، الزهورات، دبس العنب، الشنينة والكركديه.
A6: Hub_Sueda_Concept_Note_AR.docx | B6: نطاق التشغيل: مشاريب، سناك، مختبر الطعام والفعاليات.

Sheet وصفات المنتجات
A1: حالة الاستيراد | B1: اسم المنتج | C1: مفتاح المنتج | D1: مادة المخزون | E1: كود مادة المخزون | F1: الكمية المدخلة | G1: وحدة الإدخال | H1: وحدة المخزون | I1: الكمية الموحّدة | J1: نسبة الهدر % | K1: نشط | L1: كلفة وحدة المخزون | M1: كلفة السطر | N1: ملاحظات | O1: التحقق
A2: جاهز للاستيراد | B2: شاي عادي | C2: =IFERROR(VLOOKUP(B2,'مراجع الوصفات'!$A$2:$D$79,2,FALSE),"") -> regular_tea | D2: شاي أحمد عادي – ظرف | E2: =IFERROR(VLOOKUP(D2,'مراجع الوصفات'!$F$2:$I$253,2,FALSE),"") -> DRK-TEA-AHMAD-BAG | F2: 1 | G2: حصة | H2: =IFERROR(VLOOKUP(D2,'مراجع الوصفات'!$F$2:$I$253,3,FALSE),"") -> حصة | I2: =IF(OR(F2="",G2="",H2=""),"",IF(G2=H2,F2,IF(AND(G2="غ",H2="كغ"),F2/1000,IF(AND(G2="كغ",H2="غ"),F2*1000,IF(AND(G2="مل",H2="لتر"),F2/1000,IF(AND(G2="لتر",H2="مل"),F2*1000,"خطأ وحدة")))))) -> 1 | J2: 0 | K2: نعم | L2: =IFERROR(VLOOKUP(D2,'مراجع الوصفات'!$F$2:$I$253,4,FALSE),"") -> 420 | M2: =IF(OR(I2="",NOT(ISNUMBER(I2)),L2=""),"",I2*L2*(1+J2/100)) -> 420 | N2: لا يشمل السكر لأنه خيار متغيّر. | O2: =IF(AND(B2="",D2="",F2=""),"",IF(A2="تجاهل","تجاهل",IF(OR(B2="",D2="",F2="",G2="",H2=""),"ناقص",IF(NOT(ISNUMBER(I2)),"خطأ وحدة",IF(OR(J2<0,J2>100),"خطأ هدر","صالح"))))) -> صالح
A3: جاهز للاستيراد | B3: شاي مع نعنع | C3: =IFERROR(VLOOKUP(B3,'مراجع الوصفات'!$A$2:$D$79,2,FALSE),"") -> mint_tea | D3: شاي أحمد عادي – ظرف | E3: =IFERROR(VLOOKUP(D3,'مراجع الوصفات'!$F$2:$I$253,2,FALSE),"") -> DRK-TEA-AHMAD-BAG | F3: 1 | G3: حصة | H3: =IFERROR(VLOOKUP(D3,'مراجع الوصفات'!$F$2:$I$253,3,FALSE),"") -> حصة | I3: =IF(OR(F3="",G3="",H3=""),"",IF(G3=H3,F3,IF(AND(G3="غ",H3="كغ"),F3/1000,IF(AND(G3="كغ",H3="غ"),F3*1000,IF(AND(G3="مل",H3="لتر"),F3/1000,IF(AND(G3="لتر",H3="مل"),F3*1000,"خطأ وحدة")))))) -> 1 | J3: 0 | K3: نعم | L3: =IFERROR(VLOOKUP(D3,'مراجع الوصفات'!$F$2:$I$253,4,FALSE),"") -> 420 | M3: =IF(OR(I3="",NOT(ISNUMBER(I3)),L3=""),"",I3*L3*(1+J3/100)) -> 420 | O3: =IF(AND(B3="",D3="",F3=""),"",IF(A3="تجاهل","تجاهل",IF(OR(B3="",D3="",F3="",G3="",H3=""),"ناقص",IF(NOT(ISNUMBER(I3)),"خطأ وحدة",IF(OR(J3<0,J3>100),"خطأ هدر","صالح"))))) -> صالح
A4: جاهز للاستيراد | B4: شاي مع نعنع | C4: =IFERROR(VLOOKUP(B4,'مراجع الوصفات'!$A$2:$D$79,2,FALSE),"") -> mint_tea | D4: نعنع طازج | E4: =IFERROR(VLOOKUP(D4,'مراجع الوصفات'!$F$2:$I$253,2,FALSE),"") -> ING-HERB-MINT | F4: 0.05 | G4: عبوة | H4: =IFERROR(VLOOKUP(D4,'مراجع الوصفات'!$F$2:$I$253,3,FALSE),"") -> عبوة | I4: =IF(OR(F4="",G4="",H4=""),"",IF(G4=H4,F4,IF(AND(G4="غ",H4="كغ"),F4/1000,IF(AND(G4="كغ",H4="غ"),F4*1000,IF(AND(G4="مل",H4="لتر"),F4/1000,IF(AND(G4="لتر",H4="مل"),F4*1000,"خطأ وحدة")))))) -> 0.05 | J4: 0 | K4: نعم | L4: =IFERROR(VLOOKUP(D4,'مراجع الوصفات'!$F$2:$I$253,4,FALSE),"") -> 1500 | M4: =IF(OR(I4="",NOT(ISNUMBER(I4)),L4=""),"",I4*L4*(1+J4/100)) -> 75 | N4: تقدير: 5% من عبوة نعنع؛ راجع حجم العبوة الفعلي. | O4: =IF(AND(B4="",D4="",F4=""),"",IF(A4="تجاهل","تجاهل",IF(OR(B4="",D4="",F4="",G4="",H4=""),"ناقص",IF(NOT(ISNUMBER(I4)),"خطأ وحدة",IF(OR(J4<0,J4>100),"خطأ هدر","صالح"))))) -> صالح
A5: جاهز للاستيراد | B5: شاي مع ميرمية | C5: =IFERROR(VLOOKUP(B5,'مراجع الوصفات'!$A$2:$D$79,2,FALSE),"") -> sage_tea | D5: شاي أحمد عادي – ظرف | E5: =IFERROR(VLOOKUP(D5,'مراجع الوصفات'!$F$2:$I$253,2,FALSE),"") -> DRK-TEA-AHMAD-BAG | F5: 1 | G5: حصة | H5: =IFERROR(VLOOKUP(D5,'مراجع الوصفات'!$F$2:$I$253,3,FALSE),"") -> حصة | I5: =IF(OR(F5="",G5="",H5=""),"",IF(G5=H5,F5,IF(AND(G5="غ",H5="كغ"),F5/1000,IF(AND(G5="كغ",H5="غ"),F5*1000,IF(AND(G5="مل",H5="لتر"),F5/1000,IF(AND(G5="لتر",H5="مل"),F5*1000,"خطأ وحدة")))))) -> 1 | J5: 0 | K5: نعم | L5: =IFERROR(VLOOKUP(D5,'مراجع الوصفات'!$F$2:$I$253,4,FALSE),"") -> 420 | M5: =IF(OR(I5="",NOT(ISNUMBER(I5)),L5=""),"",I5*L5*(1+J5/100)) -> 420 | O5: =IF(AND(B5="",D5="",F5=""),"",IF(A5="تجاهل","تجاهل",IF(OR(B5="",D5="",F5="",G5="",H5=""),"ناقص",IF(NOT(ISNUMBER(I5)),"خطأ وحدة",IF(OR(J5<0,J5>100),"خطأ هدر","صالح"))))) -> صالح
A6: جاهز للاستيراد | B6: شاي مع ميرمية | C6: =IFERROR(VLOOKUP(B6,'مراجع الوصفات'!$A$2:$D$79,2,FALSE),"") -> sage_tea | D6: ميرمية مجففة | E6: =IFERROR(VLOOKUP(D6,'مراجع الوصفات'!$F$2:$I$253,2,FALSE),"") -> ING-HERB-SAGE | F6: 2 | G6: غ | H6: =IFERROR(VLOOKUP(D6,'مراجع الوصفات'!$F$2:$I$253,3,FALSE),"") -> كغ | I6: =IF(OR(F6="",G6="",H6=""),"",IF(G6=H6,F6,IF(AND(G6="غ",H6="كغ"),F6/1000,IF(AND(G6="كغ",H6="غ"),F6*1000,IF(AND(G6="مل",H6="لتر"),F6/1000,IF(AND(G6="لتر",H6="مل"),F6*1000,"خطأ وحدة")))))) -> 0.002 | J6: 0 | K6: نعم | L6: =IFERROR(VLOOKUP(D6,'مراجع الوصفات'!$F$2:$I$253,4,FALSE),"") | M6: =IF(OR(I6="",NOT(ISNUMBER(I6)),L6=""),"",I6*L6*(1+J6/100)) | N6: جرعة تقديرية 2غ. | O6: =IF(AND(B6="",D6="",F6=""),"",IF(A6="تجاهل","تجاهل",IF(OR(B6="",D6="",F6="",G6="",H6=""),"ناقص",IF(NOT(ISNUMBER(I6)),"خطأ وحدة",IF(OR(J6<0,J6>100),"خطأ هدر","صالح"))))) -> صالح
A7: جاهز للاستيراد | B7: شاي إيرل غراي | C7: =IFERROR(VLOOKUP(B7,'مراجع الوصفات'!$A$2:$D$79,2,FALSE),"") -> earl_grey_tea | D7: شاي أحمد إيرل غراي – ظرف | E7: =IFERROR(VLOOKUP(D7,'مراجع الوصفات'!$F$2:$I$253,2,FALSE),"") -> DRK-TEA-EARLGREY-BAG | F7: 1 | G7: حصة | H7: =IFERROR(VLOOKUP(D7,'مراجع الوصفات'!$F$2:$I$253,3,FALSE),"") -> حصة | I7: =IF(OR(F7="",G7="",H7=""),"",IF(G7=H7,F7,IF(AND(G7="غ",H7="كغ"),F7/1000,IF(AND(G7="كغ",H7="غ"),F7*1000,IF(AND(G7="مل",H7="لتر"),F7/1000,IF(AND(G7="لتر",H7="مل"),F7*1000,"خطأ وحدة")))))) -> 1 | J7: 0 | K7: نعم | L7: =IFERROR(VLOOKUP(D7,'مراجع الوصفات'!$F$2:$I$253,4,FALSE),"") -> 585 | M7: =IF(OR(I7="",NOT(ISNUMBER(I7)),L7=""),"",I7*L7*(1+J7/100)) -> 585 | O7: =IF(AND(B7="",D7="",F7=""),"",IF(A7="تجاهل","تجاهل",IF(OR(B7="",D7="",F7="",G7="",H7=""),"ناقص",IF(NOT(ISNUMBER(I7)),"خطأ وحدة",IF(OR(J7<0,J7>100),"خطأ هدر","صالح"))))) -> صالح
A8: جاهز للاستيراد | B8: شاي فواكه / منكه | C8: =IFERROR(VLOOKUP(B8,'مراجع الوصفات'!$A$2:$D$79,2,FALSE),"") -> fruit_flavored_tea | D8: شاي أحمد فواكه – ظرف | E8: =IFERROR(VLOOKUP(D8,'مراجع الوصفات'!$F$2:$I$253,2,FALSE),"") -> DRK-TEA-FRUIT-BAG | F8: 1 | G8: حصة | H8: =IFERROR(VLOOKUP(D8,'مراجع الوصفات'!$F$2:$I$253,3,FALSE),"") -> حصة | I8: =IF(OR(F8="",G8="",H8=""),"",IF(G8=H8,F8,IF(AND(G8="غ",H8="كغ"),F8/1000,IF(AND(G8="كغ",H8="غ"),F8*1000,IF(AND(G8="مل",H8="لتر"),F8/1000,IF(AND(G8="لتر",H8="مل"),F8*1000,"خطأ وحدة")))))) -> 1 | J8: 0 | K8: نعم | L8: =IFERROR(VLOOKUP(D8,'مراجع الوصفات'!$F$2:$I$253,4,FALSE),"") -> 1325 | M8: =IF(OR(I8="",NOT(ISNUMBER(I8)),L8=""),"",I8*L8*(1+J8/100)) -> 1325 | N8: استخدم شاي الفواكه؛ بدّل الكود إلى الشاي المنكّه إذا كان المنتج المقصود. | O8: =IF(AND(B8="",D8="",F8=""),"",IF(A8="تجاهل","تجاهل",IF(OR(B8="",D8="",F8="",G8="",H8=""),"ناقص",IF(NOT(ISNUMBER(I8)),"خطأ وحدة",IF(OR(J8<0,J8>100),"خطأ هدر","صالح"))))) -> صالح
A9: جاهز للاستيراد | B9: زهورات | C9: =IFERROR(VLOOKUP(B9,'مراجع الوصفات'!$A$2:$D$79,2,FALSE),"") -> zhourat | D9: زهورات مشكلة | E9: =IFERROR(VLOOKUP(D9,'مراجع الوصفات'!$F$2:$I$253,2,FALSE),"") -> DRK-HERBAL-ZHOURAT | F9: 5 | G9: غ | H9: =IFERROR(VLOOKUP(D9,'مراجع الوصفات'!$F$2:$I$253,3,FALSE),"") -> كغ | I9: =IF(OR(F9="",G9="",H9=""),"",IF(G9=H9,F9,IF(AND(G9="غ",H9="كغ"),F9/1000,IF(AND(G9="كغ",H9="غ"),F9*1000,IF(AND(G9="مل",H9="لتر"),F9/1000,IF(AND(G9="لتر",H9="مل"),F9*1000,"خطأ وحدة")))))) -> 0.005 | J9: 0 | K9: نعم | L9: =IFERROR(VLOOKUP(D9,'مراجع الوصفات'!$F$2:$I$253,4,FALSE),"") | M9: =IF(OR(I9="",NOT(ISNUMBER(I9)),L9=""),"",I9*L9*(1+J9/100)) | N9: تقدير 5غ للكاسة. | O9: =IF(AND(B9="",D9="",F9=""),"",IF(A9="تجاهل","تجاهل",IF(OR(B9="",D9="",F9="",G9="",H9=""),"ناقص",IF(NOT(ISNUMBER(I9)),"خطأ وحدة",IF(OR(J9<0,J9>100),"خطأ هدر","صالح"))))) -> صالح
A10: جاهز للاستيراد | B10: هوت شوكليت بالماء | C10: =IFERROR(VLOOKUP(B10,'مراجع الوصفات'!$A$2:$D$79,2,FALSE),"") -> hot_chocolate_water | D10: هوت شوكليت – ظرف | E10: =IFERROR(VLOOKUP(D10,'مراجع الوصفات'!$F$2:$I$253,2,FALSE),"") -> DRK-CHOCO-SACHET | F10: 1 | G10: حصة | H10: =IFERROR(VLOOKUP(D10,'مراجع الوصفات'!$F$2:$I$253,3,FALSE),"") -> حصة | I10: =IF(OR(F10="",G10="",H10=""),"",IF(G10=H10,F10,IF(AND(G10="غ",H10="كغ"),F10/1000,IF(AND(G10="كغ",H10="غ"),F10*1000,IF(AND(G10="مل",H10="لتر"),F10/1000,IF(AND(G10="لتر",H10="مل"),F10*1000,"خطأ وحدة")))))) -> 1 | J10: 0 | K10: نعم | L10: =IFERROR(VLOOKUP(D10,'مراجع الوصفات'!$F$2:$I$253,4,FALSE),"") -> 3000 | M10: =IF(OR(I10="",NOT(ISNUMBER(I10)),L10=""),"",I10*L10*(1+J10/100)) -> 3000 | O10: =IF(AND(B10="",D10="",F10=""),"",IF(A10="تجاهل","تجاهل",IF(OR(B10="",D10="",F10="",G10="",H10=""),"ناقص",IF(NOT(ISNUMBER(I10)),"خطأ وحدة",IF(OR(J10<0,J10>100),"خطأ هدر","صالح"))))) -> صالح
A11: جاهز للاستيراد | B11: هوت شوكليت بالحليب | C11: =IFERROR(VLOOKUP(B11,'مراجع الوصفات'!$A$2:$D$79,2,FALSE),"") -> hot_chocolate_milk | D11: هوت شوكليت – ظرف | E11: =IFERROR(VLOOKUP(D11,'مراجع الوصفات'!$F$2:$I$253,2,FALSE),"") -> DRK-CHOCO-SACHET | F11: 1 | G11: حصة | H11: =IFERROR(VLOOKUP(D11,'مراجع الوصفات'!$F$2:$I$253,3,FALSE),"") -> حصة | I11: =IF(OR(F11="",G11="",H11=""),"",IF(G11=H11,F11,IF(AND(G11="غ",H11="كغ"),F11/1000,IF(AND(G11="كغ",H11="غ"),F11*1000,IF(AND(G11="مل",H11="لتر"),F11/1000,IF(AND(G11="لتر",H11="مل"),F11*1000,"خطأ وحدة")))))) -> 1 | J11: 0 | K11: نعم | L11: =IFERROR(VLOOKUP(D11,'مراجع الوصفات'!$F$2:$I$253,4,FALSE),"") -> 3000 | M11: =IF(OR(I11="",NOT(ISNUMBER(I11)),L11=""),"",I11*L11*(1+J11/100)) -> 3000 | O11: =IF(AND(B11="",D11="",F11=""),"",IF(A11="تجاهل","تجاهل",IF(OR(B11="",D11="",F11="",G11="",H11=""),"ناقص",IF(NOT(ISNUMBER(I11)),"خطأ وحدة",IF(OR(J11<0,J11>100),"خطأ هدر","صالح"))))) -> صالح
A12: جاهز للاستيراد | B12: هوت شوكليت بالحليب | C12: =IFERROR(VLOOKUP(B12,'مراجع الوصفات'!$A$2:$D$79,2,FALSE),"") -> hot_chocolate_milk | D12: حليب | E12: =IFERROR(VLOOKUP(D12,'مراجع الوصفات'!$F$2:$I$253,2,FALSE),"") -> ING-DAIRY-MILK | F12: 200 | G12: مل | H12: =IFERROR(VLOOKUP(D12,'مراجع الوصفات'!$F$2:$I$253,3,FALSE),"") -> لتر | I12: =IF(OR(F12="",G12="",H12=""),"",IF(G12=H12,F12,IF(AND(G12="غ",H12="كغ"),F12/1000,IF(AND(G12="كغ",H12="غ"),F12*1000,IF(AND(G12="مل",H12="لتر"),F12/1000,IF(AND(G12="لتر",H12="مل"),F12*1000,"خطأ وحدة")))))) -> 0.2 | J12: 0 | K12: نعم | L12: =IFERROR(VLOOKUP(D12,'مراجع الوصفات'!$F$2:$I$253,4,FALSE),"") -> 15000 | M12: =IF(OR(I12="",NOT(ISNUMBER(I12)),L12=""),"",I12*L12*(1+J12/100)) -> 3000 | N12: تقدير 200مل حليب. | O12: =IF(AND(B12="",D12="",F12=""),"",IF(A12="تجاهل","تجاهل",IF(OR(B12="",D12="",F12="",G12="",H12=""),"ناقص",IF(NOT(ISNUMBER(I12)),"خطأ وحدة",IF(OR(J12<0,J12>100),"خطأ هدر","صالح"))))) -> صالح
A13: جاهز للاستيراد | B13: ماتشا بالماء | C13: =IFERROR(VLOOKUP(B13,'مراجع الوصفات'!$A$2:$D$79,2,FALSE),"") -> matcha_water | D13: ماتشا – حصة | E13: =IFERROR(VLOOKUP(D13,'مراجع الوصفات'!$F$2:$I$253,2,FALSE),"") -> DRK-MATCHA-PORTION | F13: 1 | G13: حصة | H13: =IFERROR(VLOOKUP(D13,'مراجع الوصفات'!$F$2:$I$253,3,FALSE),"") -> حصة | I13: =IF(OR(F13="",G13="",H13=""),"",IF(G13=H13,F13,IF(AND(G13="غ",H13="كغ"),F13/1000,IF(AND(G13="كغ",H13="غ"),F13*1000,IF(AND(G13="مل",H13="لتر"),F13/1000,IF(AND(G13="لتر",H13="مل"),F13*1000,"خطأ وحدة")))))) -> 1 | J13: 0 | K13: نعم | L13: =IFERROR(VLOOKUP(D13,'مراجع الوصفات'!$F$2:$I$253,4,FALSE),"") -> 4450 | M13: =IF(OR(I13="",NOT(ISNUMBER(I13)),L13=""),"",I13*L13*(1+J13/100)) -> 4450 | O13: =IF(AND(B13="",D13="",F13=""),"",IF(A13="تجاهل","تجاهل",IF(OR(B13="",D13="",F13="",G13="",H13=""),"ناقص",IF(NOT(ISNUMBER(I13)),"خطأ وحدة",IF(OR(J13<0,J13>100),"خطأ هدر","صالح"))))) -> صالح
A14: جاهز للاستيراد | B14: ماتشا لاتيه ساخن | C14: =IFERROR(VLOOKUP(B14,'مراجع الوصفات'!$A$2:$D$79,2,FALSE),"") -> hot_matcha_latte | D14: ماتشا – حصة | E14: =IFERROR(VLOOKUP(D14,'مراجع الوصفات'!$F$2:$I$253,2,FALSE),"") -> DRK-MATCHA-PORTION | F14: 1 | G14: حصة | H14: =IFERROR(VLOOKUP(D14,'مراجع الوصفات'!$F$2:$I$253,3,FALSE),"") -> حصة | I14: =IF(OR(F14="",G14="",H14=""),"",IF(G14=H14,F14,IF(AND(G14="غ",H14="كغ"),F14/1000,IF(AND(G14="كغ",H14="غ"),F14*1000,IF(AND(G14="مل",H14="لتر"),F14/1000,IF(AND(G14="لتر",H14="مل"),F14*1000,"خطأ وحدة")))))) -> 1 | J14: 0 | K14: نعم | L14: =IFERROR(VLOOKUP(D14,'مراجع الوصفات'!$F$2:$I$253,4,FALSE),"") -> 4450 | M14: =IF(OR(I14="",NOT(ISNUMBER(I14)),L14=""),"",I14*L14*(1+J14/100)) -> 4450 | O14: =IF(AND(B14="",D14="",F14=""),"",IF(A14="تجاهل","تجاهل",IF(OR(B14="",D14="",F14="",G14="",H14=""),"ناقص",IF(NOT(ISNUMBER(I14)),"خطأ وحدة",IF(OR(J14<0,J14>100),"خطأ هدر","صالح"))))) -> صالح
A15: جاهز للاستيراد | B15: ماتشا لاتيه ساخن | C15: =IFERROR(VLOOKUP(B15,'مراجع الوصفات'!$A$2:$D$79,2,FALSE),"") -> hot_matcha_latte | D15: حليب | E15: =IFERROR(VLOOKUP(D15,'مراجع الوصفات'!$F$2:$I$253,2,FALSE),"") -> ING-DAIRY-MILK | F15: 200 | G15: مل | H15: =IFERROR(VLOOKUP(D15,'مراجع الوصفات'!$F$2:$I$253,3,FALSE),"") -> لتر | I15: =IF(OR(F15="",G15="",H15=""),"",IF(G15=H15,F15,IF(AND(G15="غ",H15="كغ"),F15/1000,IF(AND(G15="كغ",H15="غ"),F15*1000,IF(AND(G15="مل",H15="لتر"),F15/1000,IF(AND(G15="لتر",H15="مل"),F15*1000,"خطأ وحدة")))))) -> 0.2 | J15: 0 | K15: نعم | L15: =IFERROR(VLOOKUP(D15,'مراجع الوصفات'!$F$2:$I$253,4,FALSE),"") -> 15000 | M15: =IF(OR(I15="",NOT(ISNUMBER(I15)),L15=""),"",I15*L15*(1+J15/100)) -> 3000 | N15: تقدير 200مل حليب. | O15: =IF(AND(B15="",D15="",F15=""),"",IF(A15="تجاهل","تجاهل",IF(OR(B15="",D15="",F15="",G15="",H15=""),"ناقص",IF(NOT(ISNUMBER(I15)),"خطأ وحدة",IF(OR(J15<0,J15>100),"خطأ هدر","صالح"))))) -> صالح
A16: جاهز للاستيراد | B16: كولا / سفن أب — كاسة | C16: =IFERROR(VLOOKUP(B16,'مراجع الوصفات'!$A$2:$D$79,2,FALSE),"") -> cola_7up_glass | D16: سوبرين سفن أب / كولا 2.25 لتر | E16: =IFERROR(VLOOKUP(D16,'مراجع الوصفات'!$F$2:$I$253,2,FALSE),"") -> DRK-SODA-SUPRIN-225 | F16: 0.111 | G16: زجاجة | H16: =IFERROR(VLOOKUP(D16,'مراجع الوصفات'!$F$2:$I$253,3,FALSE),"") -> زجاجة | I16: =IF(OR(F16="",G16="",H16=""),"",IF(G16=H16,F16,IF(AND(G16="غ",H16="كغ"),F16/1000,IF(AND(G16="كغ",H16="غ"),F16*1000,IF(AND(G16="مل",H16="لتر"),F16/1000,IF(AND(G16="لتر",H16="مل"),F16*1000,"خطأ وحدة")))))) -> 0.111 | J16: 0 | K16: نعم | L16: =IFERROR(VLOOKUP(D16,'مراجع الوصفات'!$F$2:$I$253,4,FALSE),"") -> 15000 | M16: =IF(OR(I16="",NOT(ISNUMBER(I16)),L16=""),"",I16*L16*(1+J16/100)) -> 1665 | N16: يعادل تقريباً 250مل من زجاجة 2.25 لتر. | O16: =IF(AND(B16="",D16="",F16=""),"",IF(A16="تجاهل","تجاهل",IF(OR(B16="",D16="",F16="",G16="",H16=""),"ناقص",IF(NOT(ISNUMBER(I16)),"خطأ وحدة",IF(OR(J16<0,J16>100),"خطأ هدر","صالح"))))) -> صالح
A17: جاهز للاستيراد | B17: مشروب معلب / غازي | C17: =IFERROR(VLOOKUP(B17,'مراجع الوصفات'!$A$2:$D$79,2,FALSE),"") -> canned_fizzy_drink | D17: صودا – علبة | E17: =IFERROR(VLOOKUP(D17,'مراجع الوصفات'!$F$2:$I$253,2,FALSE),"") -> DRK-SODA-CAN | F17: 1 | G17: قطعة | H17: =IFERROR(VLOOKUP(D17,'مراجع الوصفات'!$F$2:$I$253,3,FALSE),"") -> قطعة | I17: =IF(OR(F17="",G17="",H17=""),"",IF(G17=H17,F17,IF(AND(G17="غ",H17="كغ"),F17/1000,IF(AND(G17="كغ",H17="غ"),F17*1000,IF(AND(G17="مل",H17="لتر"),F17/1000,IF(AND(G17="لتر",H17="مل"),F17*1000,"خطأ وحدة")))))) -> 1 | J17: 0 | K17: نعم | L17: =IFERROR(VLOOKUP(D17,'مراجع الوصفات'!$F$2:$I$253,4,FALSE),"") | M17: =IF(OR(I17="",NOT(ISNUMBER(I17)),L17=""),"",I17*L17*(1+J17/100)) | O17: =IF(AND(B17="",D17="",F17=""),"",IF(A17="تجاهل","تجاهل",IF(OR(B17="",D17="",F17="",G17="",H17=""),"ناقص",IF(NOT(ISNUMBER(I17)),"خطأ وحدة",IF(OR(J17<0,J17>100),"خطأ هدر","صالح"))))) -> صالح
A18: جاهز للاستيراد | B18: عصير كاسة | C18: =IFERROR(VLOOKUP(B18,'مراجع الوصفات'!$A$2:$D$79,2,FALSE),"") -> juice_glass | D18: عصير فيوري 1 لتر | E18: =IFERROR(VLOOKUP(D18,'مراجع الوصفات'!$F$2:$I$253,2,FALSE),"") -> DRK-JUICE-FIORI-1L | F18: 250 | G18: مل | H18: =IFERROR(VLOOKUP(D18,'مراجع الوصفات'!$F$2:$I$253,3,FALSE),"") -> لتر | I18: =IF(OR(F18="",G18="",H18=""),"",IF(G18=H18,F18,IF(AND(G18="غ",H18="كغ"),F18/1000,IF(AND(G18="كغ",H18="غ"),F18*1000,IF(AND(G18="مل",H18="لتر"),F18/1000,IF(AND(G18="لتر",H18="مل"),F18*1000,"خطأ وحدة")))))) -> 0.25 | J18: 0 | K18: نعم | L18: =IFERROR(VLOOKUP(D18,'مراجع الوصفات'!$F$2:$I$253,4,FALSE),"") -> 15000 | M18: =IF(OR(I18="",NOT(ISNUMBER(I18)),L18=""),"",I18*L18*(1+J18/100)) -> 3750 | N18: تقدير كاسة 250مل. | O18: =IF(AND(B18="",D18="",F18=""),"",IF(A18="تجاهل","تجاهل",IF(OR(B18="",D18="",F18="",G18="",H18=""),"ناقص",IF(NOT(ISNUMBER(I18)),"خطأ وحدة",IF(OR(J18<0,J18>100),"خطأ هدر","صالح"))))) -> صالح
A19: جاهز للاستيراد | B19: عصير كبير | C19: =IFERROR(VLOOKUP(B19,'مراجع الوصفات'!$A$2:$D$79,2,FALSE),"") -> large_juice | D19: عصير فيوري 1 لتر | E19: =IFERROR(VLOOKUP(D19,'مراجع الوصفات'!$F$2:$I$253,2,FALSE),"") -> DRK-JUICE-FIORI-1L | F19: 400 | G19: مل | H19: =IFERROR(VLOOKUP(D19,'مراجع الوصفات'!$F$2:$I$253,3,FALSE),"") -> لتر | I19: =IF(OR(F19="",G19="",H19=""),"",IF(G19=H19,F19,IF(AND(G19="غ",H19="كغ"),F19/1000,IF(AND(G19="كغ",H19="غ"),F19*1000,IF(AND(G19="مل",H19="لتر"),F19/1000,IF(AND(G19="لتر",H19="مل"),F19*1000,"خطأ وحدة")))))) -> 0.4 | J19: 0 | K19: نعم | L19: =IFERROR(VLOOKUP(D19,'مراجع الوصفات'!$F$2:$I$253,4,FALSE),"") -> 15000 | M19: =IF(OR(I19="",NOT(ISNUMBER(I19)),L19=""),"",I19*L19*(1+J19/100)) -> 6000 | N19: تقدير كاسة كبيرة 400مل. | O19: =IF(AND(B19="",D19="",F19=""),"",IF(A19="تجاهل","تجاهل",IF(OR(B19="",D19="",F19="",G19="",H19=""),"ناقص",IF(NOT(ISNUMBER(I19)),"خطأ وحدة",IF(OR(J19<0,J19>100),"خطأ هدر","صالح"))))) -> صالح
A20: جاهز للاستيراد | B20: شنينة / لبن بارد | C20: =IFERROR(VLOOKUP(B20,'مراجع الوصفات'!$A$2:$D$79,2,FALSE),"") -> cold_yogurt_drink | D20: شنينة جاهزة | E20: =IFERROR(VLOOKUP(D20,'مراجع الوصفات'!$F$2:$I$253,2,FALSE),"") -> DRK-AYRAN-READY | F20: 300 | G20: مل | H20: =IFERROR(VLOOKUP(D20,'مراجع الوصفات'!$F$2:$I$253,3,FALSE),"") -> لتر | I20: =IF(OR(F20="",G20="",H20=""),"",IF(G20=H20,F20,IF(AND(G20="غ",H20="كغ"),F20/1000,IF(AND(G20="كغ",H20="غ"),F20*1000,IF(AND(G20="مل",H20="لتر"),F20/1000,IF(AND(G20="لتر",H20="مل"),F20*1000,"خطأ وحدة")))))) -> 0.3 | J20: 0 | K20: نعم | L20: =IFERROR(VLOOKUP(D20,'مراجع الوصفات'!$F$2:$I$253,4,FALSE),"") | M20: =IF(OR(I20="",NOT(ISNUMBER(I20)),L20=""),"",I20*L20*(1+J20/100)) | N20: على أساس شنينة جاهزة. | O20: =IF(AND(B20="",D20="",F20=""),"",IF(A20="تجاهل","تجاهل",IF(OR(B20="",D20="",F20="",G20="",H20=""),"ناقص",IF(NOT(ISNUMBER(I20)),"خطأ وحدة",IF(OR(J20<0,J20>100),"خطأ هدر","صالح"))))) -> صالح
A21: جاهز للاستيراد | B21: دبس وليمون | C21: =IFERROR(VLOOKUP(B21,'مراجع الوصفات'!$A$2:$D$79,2,FALSE),"") -> dibs_lemon | D21: دبس عنب | E21: =IFERROR(VLOOKUP(D21,'مراجع الوصفات'!$F$2:$I$253,2,FALSE),"") -> ING-SWEET-GRAPEMOLASSES | F21: 30 | G21: غ | H21: =IFERROR(VLOOKUP(D21,'مراجع الوصفات'!$F$2:$I$253,3,FALSE),"") -> كغ | I21: =IF(OR(F21="",G21="",H21=""),"",IF(G21=H21,F21,IF(AND(G21="غ",H21="كغ"),F21/1000,IF(AND(G21="كغ",H21="غ"),F21*1000,IF(AND(G21="مل",H21="لتر"),F21/1000,IF(AND(G21="لتر",H21="مل"),F21*1000,"خطأ وحدة")))))) -> 0.03 | J21: 0 | K21: نعم | L21: =IFERROR(VLOOKUP(D21,'مراجع الوصفات'!$F$2:$I$253,4,FALSE),"") | M21: =IF(OR(I21="",NOT(ISNUMBER(I21)),L21=""),"",I21*L21*(1+J21/100)) | N21: تقدير 30غ دبس عنب. | O21: =IF(AND(B21="",D21="",F21=""),"",IF(A21="تجاهل","تجاهل",IF(OR(B21="",D21="",F21="",G21="",H21=""),"ناقص",IF(NOT(ISNUMBER(I21)),"خطأ وحدة",IF(OR(J21<0,J21>100),"خطأ هدر","صالح"))))) -> صالح
A22: جاهز للاستيراد | B22: دبس وليمون | C22: =IFERROR(VLOOKUP(B22,'مراجع الوصفات'!$A$2:$D$79,2,FALSE),"") -> dibs_lemon | D22: ليمون | E22: =IFERROR(VLOOKUP(D22,'مراجع الوصفات'!$F$2:$I$253,2,FALSE),"") -> ING-FRT-LEMON | F22: 35 | G22: غ | H22: =IFERROR(VLOOKUP(D22,'مراجع الوصفات'!$F$2:$I$253,3,FALSE),"") -> كغ | I22: =IF(OR(F22="",G22="",H22=""),"",IF(G22=H22,F22,IF(AND(G22="غ",H22="كغ"),F22/1000,IF(AND(G22="كغ",H22="غ"),F22*1000,IF(AND(G22="مل",H22="لتر"),F22/1000,IF(AND(G22="لتر",H22="مل"),F22*1000,"خطأ وحدة")))))) -> 0.035 | J22: 0 | K22: نعم | L22: =IFERROR(VLOOKUP(D22,'مراجع الوصفات'!$F$2:$I$253,4,FALSE),"") -> 30000 | M22: =IF(OR(I22="",NOT(ISNUMBER(I22)),L22=""),"",I22*L22*(1+J22/100)) -> 1050 | N22: تقدير 35غ ليمون. | O22: =IF(AND(B22="",D22="",F22=""),"",IF(A22="تجاهل","تجاهل",IF(OR(B22="",D22="",F22="",G22="",H22=""),"ناقص",IF(NOT(ISNUMBER(I22)),"خطأ وحدة",IF(OR(J22<0,J22>100),"خطأ هدر","صالح"))))) -> صالح
A23: جاهز للاستيراد | B23: جلاب الكرمة | C23: =IFERROR(VLOOKUP(B23,'مراجع الوصفات'!$A$2:$D$79,2,FALSE),"") -> karma_jallab | D23: جلاب مركز | E23: =IFERROR(VLOOKUP(D23,'مراجع الوصفات'!$F$2:$I$253,2,FALSE),"") -> DRK-LOCAL-JALLAB | F23: 40 | G23: مل | H23: =IFERROR(VLOOKUP(D23,'مراجع الوصفات'!$F$2:$I$253,3,FALSE),"") -> لتر | I23: =IF(OR(F23="",G23="",H23=""),"",IF(G23=H23,F23,IF(AND(G23="غ",H23="كغ"),F23/1000,IF(AND(G23="كغ",H23="غ"),F23*1000,IF(AND(G23="مل",H23="لتر"),F23/1000,IF(AND(G23="لتر",H23="مل"),F23*1000,"خطأ وحدة")))))) -> 0.04 | J23: 0 | K23: نعم | L23: =IFERROR(VLOOKUP(D23,'مراجع الوصفات'!$F$2:$I$253,4,FALSE),"") | M23: =IF(OR(I23="",NOT(ISNUMBER(I23)),L23=""),"",I23*L23*(1+J23/100)) | N23: تقدير 40مل مركز؛ المكسرات خيار ولا تدخل بالوصفة الأساسية. | O23: =IF(AND(B23="",D23="",F23=""),"",IF(A23="تجاهل","تجاهل",IF(OR(B23="",D23="",F23="",G23="",H23=""),"ناقص",IF(NOT(ISNUMBER(I23)),"خطأ وحدة",IF(OR(J23<0,J23>100),"خطأ هدر","صالح"))))) -> صالح
A24: جاهز للاستيراد | B24: آيس ماتشا لاتيه | C24: =IFERROR(VLOOKUP(B24,'مراجع الوصفات'!$A$2:$D$79,2,FALSE),"") -> iced_matcha_latte | D24: ماتشا – حصة | E24: =IFERROR(VLOOKUP(D24,'مراجع الوصفات'!$F$2:$I$253,2,FALSE),"") -> DRK-MATCHA-PORTION | F24: 1 | G24: حصة | H24: =IFERROR(VLOOKUP(D24,'مراجع الوصفات'!$F$2:$I$253,3,FALSE),"") -> حصة | I24: =IF(OR(F24="",G24="",H24=""),"",IF(G24=H24,F24,IF(AND(G24="غ",H24="كغ"),F24/1000,IF(AND(G24="كغ",H24="غ"),F24*1000,IF(AND(G24="مل",H24="لتر"),F24/1000,IF(AND(G24="لتر",H24="مل"),F24*1000,"خطأ وحدة")))))) -> 1 | J24: 0 | K24: نعم | L24: =IFERROR(VLOOKUP(D24,'مراجع الوصفات'!$F$2:$I$253,4,FALSE),"") -> 4450 | M24: =IF(OR(I24="",NOT(ISNUMBER(I24)),L24=""),"",I24*L24*(1+J24/100)) -> 4450 | O24: =IF(AND(B24="",D24="",F24=""),"",IF(A24="تجاهل","تجاهل",IF(OR(B24="",D24="",F24="",G24="",H24=""),"ناقص",IF(NOT(ISNUMBER(I24)),"خطأ وحدة",IF(OR(J24<0,J24>100),"خطأ هدر","صالح"))))) -> صالح
A25: جاهز للاستيراد | B25: آيس ماتشا لاتيه | C25: =IFERROR(VLOOKUP(B25,'مراجع الوصفات'!$A$2:$D$79,2,FALSE),"") -> iced_matcha_latte | D25: حليب | E25: =IFERROR(VLOOKUP(D25,'مراجع الوصفات'!$F$2:$I$253,2,FALSE),"") -> ING-DAIRY-MILK | F25: 200 | G25: مل | H25: =IFERROR(VLOOKUP(D25,'مراجع الوصفات'!$F$2:$I$253,3,FALSE),"") -> لتر | I25: =IF(OR(F25="",G25="",H25=""),"",IF(G25=H25,F25,IF(AND(G25="غ",H25="كغ"),F25/1000,IF(AND(G25="كغ",H25="غ"),F25*1000,IF(AND(G25="مل",H25="لتر"),F25/1000,IF(AND(G25="لتر",H25="مل"),F25*1000,"خطأ وحدة")))))) -> 0.2 | J25: 0 | K25: نعم | L25: =IFERROR(VLOOKUP(D25,'مراجع الوصفات'!$F$2:$I$253,4,FALSE),"") -> 15000 | M25: =IF(OR(I25="",NOT(ISNUMBER(I25)),L25=""),"",I25*L25*(1+J25/100)) -> 3000 | N25: تقدير 200مل حليب. | O25: =IF(AND(B25="",D25="",F25=""),"",IF(A25="تجاهل","تجاهل",IF(OR(B25="",D25="",F25="",G25="",H25=""),"ناقص",IF(NOT(ISNUMBER(I25)),"خطأ وحدة",IF(OR(J25<0,J25>100),"خطأ هدر","صالح"))))) -> صالح
A26: جاهز للاستيراد | B26: آيس ماتشا لاتيه | C26: =IFERROR(VLOOKUP(B26,'مراجع الوصفات'!$A$2:$D$79,2,FALSE),"") -> iced_matcha_latte | D26: ثلج | E26: =IFERROR(VLOOKUP(D26,'مراجع الوصفات'!$F$2:$I$253,2,FALSE),"") -> DRK-ICE | F26: 150 | G26: غ | H26: =IFERROR(VLOOKUP(D26,'مراجع الوصفات'!$F$2:$I$253,3,FALSE),"") -> كغ | I26: =IF(OR(F26="",G26="",H26=""),"",IF(G26=H26,F26,IF(AND(G26="غ",H26="كغ"),F26/1000,IF(AND(G26="كغ",H26="غ"),F26*1000,IF(AND(G26="مل",H26="لتر"),F26/1000,IF(AND(G26="لتر",H26="مل"),F26*1000,"خطأ وحدة")))))) -> 0.15 | J26: 0 | K26: نعم | L26: =IFERROR(VLOOKUP(D26,'مراجع الوصفات'!$F$2:$I$253,4,FALSE),"") -> 4000 | M26: =IF(OR(I26="",NOT(ISNUMBER(I26)),L26=""),"",I26*L26*(1+J26/100)) -> 600 | N26: تقدير 150غ ثلج. | O26: =IF(AND(B26="",D26="",F26=""),"",IF(A26="تجاهل","تجاهل",IF(OR(B26="",D26="",F26="",G26="",H26=""),"ناقص",IF(NOT(ISNUMBER(I26)),"خطأ وحدة",IF(OR(J26<0,J26>100),"خطأ هدر","صالح"))))) -> صالح
A27: جاهز للاستيراد | B27: كاسة الواجب — متّة مشاريب | C27: =IFERROR(VLOOKUP(B27,'مراجع الوصفات'!$A$2:$D$79,2,FALSE),"") -> wajib_cup_mate | D27: متة | E27: =IFERROR(VLOOKUP(D27,'مراجع الوصفات'!$F$2:$I$253,2,FALSE),"") -> DRK-MATE-YERBA | F27: 25 | G27: غ | H27: =IFERROR(VLOOKUP(D27,'مراجع الوصفات'!$F$2:$I$253,3,FALSE),"") -> كغ | I27: =IF(OR(F27="",G27="",H27=""),"",IF(G27=H27,F27,IF(AND(G27="غ",H27="كغ"),F27/1000,IF(AND(G27="كغ",H27="غ"),F27*1000,IF(AND(G27="مل",H27="لتر"),F27/1000,IF(AND(G27="لتر",H27="مل"),F27*1000,"خطأ وحدة")))))) -> 0.025 | J27: 0 | K27: نعم | L27: =IFERROR(VLOOKUP(D27,'مراجع الوصفات'!$F$2:$I$253,4,FALSE),"") | M27: =IF(OR(I27="",NOT(ISNUMBER(I27)),L27=""),"",I27*L27*(1+J27/100)) | N27: تقدير 25غ متّة للكاسة. | O27: =IF(AND(B27="",D27="",F27=""),"",IF(A27="تجاهل","تجاهل",IF(OR(B27="",D27="",F27="",G27="",H27=""),"ناقص",IF(NOT(ISNUMBER(I27)),"خطأ وحدة",IF(OR(J27<0,J27>100),"خطأ هدر","صالح"))))) -> صالح
A28: جاهز للاستيراد | B28: متّة طاولة | C28: =IFERROR(VLOOKUP(B28,'مراجع الوصفات'!$A$2:$D$79,2,FALSE),"") -> table_mate | D28: متة | E28: =IFERROR(VLOOKUP(D28,'مراجع الوصفات'!$F$2:$I$253,2,FALSE),"") -> DRK-MATE-YERBA | F28: 50 | G28: غ | H28: =IFERROR(VLOOKUP(D28,'مراجع الوصفات'!$F$2:$I$253,3,FALSE),"") -> كغ | I28: =IF(OR(F28="",G28="",H28=""),"",IF(G28=H28,F28,IF(AND(G28="غ",H28="كغ"),F28/1000,IF(AND(G28="كغ",H28="غ"),F28*1000,IF(AND(G28="مل",H28="لتر"),F28/1000,IF(AND(G28="لتر",H28="مل"),F28*1000,"خطأ وحدة")))))) -> 0.05 | J28: 0 | K28: نعم | L28: =IFERROR(VLOOKUP(D28,'مراجع الوصفات'!$F$2:$I$253,4,FALSE),"") | M28: =IF(OR(I28="",NOT(ISNUMBER(I28)),L28=""),"",I28*L28*(1+J28/100)) | N28: تقدير 50غ للطاولة. | O28: =IF(AND(B28="",D28="",F28=""),"",IF(A28="تجاهل","تجاهل",IF(OR(B28="",D28="",F28="",G28="",H28=""),"ناقص",IF(NOT(ISNUMBER(I28)),"خطأ وحدة",IF(OR(J28<0,J28>100),"خطأ هدر","صالح"))))) -> صالح
A29: جاهز للاستيراد | B29: زهرات البازلت | C29: =IFERROR(VLOOKUP(B29,'مراجع الوصفات'!$A$2:$D$79,2,FALSE),"") -> basalt_zhourat | D29: زهورات مشكلة | E29: =IFERROR(VLOOKUP(D29,'مراجع الوصفات'!$F$2:$I$253,2,FALSE),"") -> DRK-HERBAL-ZHOURAT | F29: 5 | G29: غ | H29: =IFERROR(VLOOKUP(D29,'مراجع الوصفات'!$F$2:$I$253,3,FALSE),"") -> كغ | I29: =IF(OR(F29="",G29="",H29=""),"",IF(G29=H29,F29,IF(AND(G29="غ",H29="كغ"),F29/1000,IF(AND(G29="كغ",H29="غ"),F29*1000,IF(AND(G29="مل",H29="لتر"),F29/1000,IF(AND(G29="لتر",H29="مل"),F29*1000,"خطأ وحدة")))))) -> 0.005 | J29: 0 | K29: نعم | L29: =IFERROR(VLOOKUP(D29,'مراجع الوصفات'!$F$2:$I$253,4,FALSE),"") | M29: =IF(OR(I29="",NOT(ISNUMBER(I29)),L29=""),"",I29*L29*(1+J29/100)) | N29: تقدير 5غ. | O29: =IF(AND(B29="",D29="",F29=""),"",IF(A29="تجاهل","تجاهل",IF(OR(B29="",D29="",F29="",G29="",H29=""),"ناقص",IF(NOT(ISNUMBER(I29)),"خطأ وحدة",IF(OR(J29<0,J29>100),"خطأ هدر","صالح"))))) -> صالح
A30: جاهز للاستيراد | B30: شاي تفاح وميرمية | C30: =IFERROR(VLOOKUP(B30,'مراجع الوصفات'!$A$2:$D$79,2,FALSE),"") -> apple_sage_tea | D30: شاي أحمد عادي – ظرف | E30: =IFERROR(VLOOKUP(D30,'مراجع الوصفات'!$F$2:$I$253,2,FALSE),"") -> DRK-TEA-AHMAD-BAG | F30: 1 | G30: حصة | H30: =IFERROR(VLOOKUP(D30,'مراجع الوصفات'!$F$2:$I$253,3,FALSE),"") -> حصة | I30: =IF(OR(F30="",G30="",H30=""),"",IF(G30=H30,F30,IF(AND(G30="غ",H30="كغ"),F30/1000,IF(AND(G30="كغ",H30="غ"),F30*1000,IF(AND(G30="مل",H30="لتر"),F30/1000,IF(AND(G30="لتر",H30="مل"),F30*1000,"خطأ وحدة")))))) -> 1 | J30: 0 | K30: نعم | L30: =IFERROR(VLOOKUP(D30,'مراجع الوصفات'!$F$2:$I$253,4,FALSE),"") -> 420 | M30: =IF(OR(I30="",NOT(ISNUMBER(I30)),L30=""),"",I30*L30*(1+J30/100)) -> 420 | O30: =IF(AND(B30="",D30="",F30=""),"",IF(A30="تجاهل","تجاهل",IF(OR(B30="",D30="",F30="",G30="",H30=""),"ناقص",IF(NOT(ISNUMBER(I30)),"خطأ وحدة",IF(OR(J30<0,J30>100),"خطأ هدر","صالح"))))) -> صالح
A31: جاهز للاستيراد | B31: شاي تفاح وميرمية | C31: =IFERROR(VLOOKUP(B31,'مراجع الوصفات'!$A$2:$D$79,2,FALSE),"") -> apple_sage_tea | D31: تفاح | E31: =IFERROR(VLOOKUP(D31,'مراجع الوصفات'!$F$2:$I$253,2,FALSE),"") -> ING-FRT-APPLE | F31: 50 | G31: غ | H31: =IFERROR(VLOOKUP(D31,'مراجع الوصفات'!$F$2:$I$253,3,FALSE),"") -> كغ | I31: =IF(OR(F31="",G31="",H31=""),"",IF(G31=H31,F31,IF(AND(G31="غ",H31="كغ"),F31/1000,IF(AND(G31="كغ",H31="غ"),F31*1000,IF(AND(G31="مل",H31="لتر"),F31/1000,IF(AND(G31="لتر",H31="مل"),F31*1000,"خطأ وحدة")))))) -> 0.05 | J31: 0 | K31: نعم | L31: =IFERROR(VLOOKUP(D31,'مراجع الوصفات'!$F$2:$I$253,4,FALSE),"") | M31: =IF(OR(I31="",NOT(ISNUMBER(I31)),L31=""),"",I31*L31*(1+J31/100)) | N31: تقدير 50غ تفاح. | O31: =IF(AND(B31="",D31="",F31=""),"",IF(A31="تجاهل","تجاهل",IF(OR(B31="",D31="",F31="",G31="",H31=""),"ناقص",IF(NOT(ISNUMBER(I31)),"خطأ وحدة",IF(OR(J31<0,J31>100),"خطأ هدر","صالح"))))) -> صالح
A32: جاهز للاستيراد | B32: شاي تفاح وميرمية | C32: =IFERROR(VLOOKUP(B32,'مراجع الوصفات'!$A$2:$D$79,2,FALSE),"") -> apple_sage_tea | D32: ميرمية مجففة | E32: =IFERROR(VLOOKUP(D32,'مراجع الوصفات'!$F$2:$I$253,2,FALSE),"") -> ING-HERB-SAGE | F32: 2 | G32: غ | H32: =IFERROR(VLOOKUP(D32,'مراجع الوصفات'!$F$2:$I$253,3,FALSE),"") -> كغ | I32: =IF(OR(F32="",G32="",H32=""),"",IF(G32=H32,F32,IF(AND(G32="غ",H32="كغ"),F32/1000,IF(AND(G32="كغ",H32="غ"),F32*1000,IF(AND(G32="مل",H32="لتر"),F32/1000,IF(AND(G32="لتر",H32="مل"),F32*1000,"خطأ وحدة")))))) -> 0.002 | J32: 0 | K32: نعم | L32: =IFERROR(VLOOKUP(D32,'مراجع الوصفات'!$F$2:$I$253,4,FALSE),"") | M32: =IF(OR(I32="",NOT(ISNUMBER(I32)),L32=""),"",I32*L32*(1+J32/100)) | N32: تقدير 2غ ميرمية. | O32: =IF(AND(B32="",D32="",F32=""),"",IF(A32="تجاهل","تجاهل",IF(OR(B32="",D32="",F32="",G32="",H32=""),"ناقص",IF(NOT(ISNUMBER(I32)),"خطأ وحدة",IF(OR(J32<0,J32>100),"خطأ هدر","صالح"))))) -> صالح
A33: جاهز للاستيراد | B33: عرق الريان — كأس | C33: =IFERROR(VLOOKUP(B33,'مراجع الوصفات'!$A$2:$D$79,2,FALSE),"") -> rayan_arak_glass | D33: عرق الريان | E33: =IFERROR(VLOOKUP(D33,'مراجع الوصفات'!$F$2:$I$253,2,FALSE),"") -> DRK-ALC-ARAK-RAYAN | F33: 50 | G33: مل | H33: =IFERROR(VLOOKUP(D33,'مراجع الوصفات'!$F$2:$I$253,3,FALSE),"") -> لتر | I33: =IF(OR(F33="",G33="",H33=""),"",IF(G33=H33,F33,IF(AND(G33="غ",H33="كغ"),F33/1000,IF(AND(G33="كغ",H33="غ"),F33*1000,IF(AND(G33="مل",H33="لتر"),F33/1000,IF(AND(G33="لتر",H33="مل"),F33*1000,"خطأ وحدة")))))) -> 0.05 | J33: 0 | K33: نعم | L33: =IFERROR(VLOOKUP(D33,'مراجع الوصفات'!$F$2:$I$253,4,FALSE),"") -> 52000 | M33: =IF(OR(I33="",NOT(ISNUMBER(I33)),L33=""),"",I33*L33*(1+J33/100)) -> 2600 | N33: راجع حجم الكأس الفعلي. | O33: =IF(AND(B33="",D33="",F33=""),"",IF(A33="تجاهل","تجاهل",IF(OR(B33="",D33="",F33="",G33="",H33=""),"ناقص",IF(NOT(ISNUMBER(I33)),"خطأ وحدة",IF(OR(J33<0,J33>100),"خطأ هدر","صالح"))))) -> صالح
A34: جاهز للاستيراد | B34: عرق الريان — كاراف صغير | C34: =IFERROR(VLOOKUP(B34,'مراجع الوصفات'!$A$2:$D$79,2,FALSE),"") -> rayan_arak_small_carafe | D34: عرق الريان | E34: =IFERROR(VLOOKUP(D34,'مراجع الوصفات'!$F$2:$I$253,2,FALSE),"") -> DRK-ALC-ARAK-RAYAN | F34: 250 | G34: مل | H34: =IFERROR(VLOOKUP(D34,'مراجع الوصفات'!$F$2:$I$253,3,FALSE),"") -> لتر | I34: =IF(OR(F34="",G34="",H34=""),"",IF(G34=H34,F34,IF(AND(G34="غ",H34="كغ"),F34/1000,IF(AND(G34="كغ",H34="غ"),F34*1000,IF(AND(G34="مل",H34="لتر"),F34/1000,IF(AND(G34="لتر",H34="مل"),F34*1000,"خطأ وحدة")))))) -> 0.25 | J34: 0 | K34: نعم | L34: =IFERROR(VLOOKUP(D34,'مراجع الوصفات'!$F$2:$I$253,4,FALSE),"") -> 52000 | M34: =IF(OR(I34="",NOT(ISNUMBER(I34)),L34=""),"",I34*L34*(1+J34/100)) -> 13000 | N34: راجع حجم الكاراف الفعلي. | O34: =IF(AND(B34="",D34="",F34=""),"",IF(A34="تجاهل","تجاهل",IF(OR(B34="",D34="",F34="",G34="",H34=""),"ناقص",IF(NOT(ISNUMBER(I34)),"خطأ وحدة",IF(OR(J34<0,J34>100),"خطأ هدر","صالح"))))) -> صالح
A35: جاهز للاستيراد | B35: عرق الريان — لتر طاولة | C35: =IFERROR(VLOOKUP(B35,'مراجع الوصفات'!$A$2:$D$79,2,FALSE),"") -> rayan_arak_table_liter | D35: عرق الريان | E35: =IFERROR(VLOOKUP(D35,'مراجع الوصفات'!$F$2:$I$253,2,FALSE),"") -> DRK-ALC-ARAK-RAYAN | F35: 1 | G35: لتر | H35: =IFERROR(VLOOKUP(D35,'مراجع الوصفات'!$F$2:$I$253,3,FALSE),"") -> لتر | I35: =IF(OR(F35="",G35="",H35=""),"",IF(G35=H35,F35,IF(AND(G35="غ",H35="كغ"),F35/1000,IF(AND(G35="كغ",H35="غ"),F35*1000,IF(AND(G35="مل",H35="لتر"),F35/1000,IF(AND(G35="لتر",H35="مل"),F35*1000,"خطأ وحدة")))))) -> 1 | J35: 0 | K35: نعم | L35: =IFERROR(VLOOKUP(D35,'مراجع الوصفات'!$F$2:$I$253,4,FALSE),"") -> 52000 | M35: =IF(OR(I35="",NOT(ISNUMBER(I35)),L35=""),"",I35*L35*(1+J35/100)) -> 52000 | O35: =IF(AND(B35="",D35="",F35=""),"",IF(A35="تجاهل","تجاهل",IF(OR(B35="",D35="",F35="",G35="",H35=""),"ناقص",IF(NOT(ISNUMBER(I35)),"خطأ وحدة",IF(OR(J35<0,J35>100),"خطأ هدر","صالح"))))) -> صالح
A36: جاهز للاستيراد | B36: بيرة خفيفة | C36: =IFERROR(VLOOKUP(B36,'مراجع الوصفات'!$A$2:$D$79,2,FALSE),"") -> light_beer | D36: بيرة خفيفة | E36: =IFERROR(VLOOKUP(D36,'مراجع الوصفات'!$F$2:$I$253,2,FALSE),"") -> DRK-ALC-BEER-LIGHT | F36: 1 | G36: زجاجة | H36: =IFERROR(VLOOKUP(D36,'مراجع الوصفات'!$F$2:$I$253,3,FALSE),"") -> زجاجة | I36: =IF(OR(F36="",G36="",H36=""),"",IF(G36=H36,F36,IF(AND(G36="غ",H36="كغ"),F36/1000,IF(AND(G36="كغ",H36="غ"),F36*1000,IF(AND(G36="مل",H36="لتر"),F36/1000,IF(AND(G36="لتر",H36="مل"),F36*1000,"خطأ وحدة")))))) -> 1 | J36: 0 | K36: نعم | L36: =IFERROR(VLOOKUP(D36,'مراجع الوصفات'!$F$2:$I$253,4,FALSE),"") -> 35000 | M36: =IF(OR(I36="",NOT(ISNUMBER(I36)),L36=""),"",I36*L36*(1+J36/100)) -> 35000 | O36: =IF(AND(B36="",D36="",F36=""),"",IF(A36="تجاهل","تجاهل",IF(OR(B36="",D36="",F36="",G36="",H36=""),"ناقص",IF(NOT(ISNUMBER(I36)),"خطأ وحدة",IF(OR(J36<0,J36>100),"خطأ هدر","صالح"))))) -> صالح
A37: جاهز للاستيراد | B37: بيرة ثقيلة | C37: =IFERROR(VLOOKUP(B37,'مراجع الوصفات'!$A$2:$D$79,2,FALSE),"") -> strong_beer | D37: بيرة ثقيلة | E37: =IFERROR(VLOOKUP(D37,'مراجع الوصفات'!$F$2:$I$253,2,FALSE),"") -> DRK-ALC-BEER-STRONG | F37: 1 | G37: زجاجة | H37: =IFERROR(VLOOKUP(D37,'مراجع الوصفات'!$F$2:$I$253,3,FALSE),"") -> زجاجة | I37: =IF(OR(F37="",G37="",H37=""),"",IF(G37=H37,F37,IF(AND(G37="غ",H37="كغ"),F37/1000,IF(AND(G37="كغ",H37="غ"),F37*1000,IF(AND(G37="مل",H37="لتر"),F37/1000,IF(AND(G37="لتر",H37="مل"),F37*1000,"خطأ وحدة")))))) -> 1 | J37: 0 | K37: نعم | L37: =IFERROR(VLOOKUP(D37,'مراجع الوصفات'!$F$2:$I$253,4,FALSE),"") -> 40000 | M37: =IF(OR(I37="",NOT(ISNUMBER(I37)),L37=""),"",I37*L37*(1+J37/100)) -> 40000 | O37: =IF(AND(B37="",D37="",F37=""),"",IF(A37="تجاهل","تجاهل",IF(OR(B37="",D37="",F37="",G37="",H37=""),"ناقص",IF(NOT(ISNUMBER(I37)),"خطأ وحدة",IF(OR(J37<0,J37>100),"خطأ هدر","صالح"))))) -> صالح
A38: جاهز للاستيراد | B38: لبنة وأعشاب | C38: =IFERROR(VLOOKUP(B38,'مراجع الوصفات'!$A$2:$D$79,2,FALSE),"") | D38: خبز سمون | E38: =IFERROR(VLOOKUP(D38,'مراجع الوصفات'!$F$2:$I$253,2,FALSE),"") -> ING-BREAD-SAMOON | F38: 1 | G38: قطعة | H38: =IFERROR(VLOOKUP(D38,'مراجع الوصفات'!$F$2:$I$253,3,FALSE),"") -> قطعة | I38: =IF(OR(F38="",G38="",H38=""),"",IF(G38=H38,F38,IF(AND(G38="غ",H38="كغ"),F38/1000,IF(AND(G38="كغ",H38="غ"),F38*1000,IF(AND(G38="مل",H38="لتر"),F38/1000,IF(AND(G38="لتر",H38="مل"),F38*1000,"خطأ وحدة")))))) -> 1 | J38: 0 | K38: نعم | L38: =IFERROR(VLOOKUP(D38,'مراجع الوصفات'!$F$2:$I$253,4,FALSE),"") | M38: =IF(OR(I38="",NOT(ISNUMBER(I38)),L38=""),"",I38*L38*(1+J38/100)) | N38: بدّل نوع الخبز بحسب المنتج الفعلي. | O38: =IF(AND(B38="",D38="",F38=""),"",IF(A38="تجاهل","تجاهل",IF(OR(B38="",D38="",F38="",G38="",H38=""),"ناقص",IF(NOT(ISNUMBER(I38)),"خطأ وحدة",IF(OR(J38<0,J38>100),"خطأ هدر","صالح"))))) -> صالح
A39: جاهز للاستيراد | B39: لبنة وأعشاب | C39: =IFERROR(VLOOKUP(B39,'مراجع الوصفات'!$A$2:$D$79,2,FALSE),"") | D39: لبنة | E39: =IFERROR(VLOOKUP(D39,'مراجع الوصفات'!$F$2:$I$253,2,FALSE),"") -> ING-DAIRY-LABNEH | F39: 100 | G39: غ | H39: =IFERROR(VLOOKUP(D39,'مراجع الوصفات'!$F$2:$I$253,3,FALSE),"") -> كغ | I39: =IF(OR(F39="",G39="",H39=""),"",IF(G39=H39,F39,IF(AND(G39="غ",H39="كغ"),F39/1000,IF(AND(G39="كغ",H39="غ"),F39*1000,IF(AND(G39="مل",H39="لتر"),F39/1000,IF(AND(G39="لتر",H39="مل"),F39*1000,"خطأ وحدة")))))) -> 0.1 | J39: 0 | K39: نعم | L39: =IFERROR(VLOOKUP(D39,'مراجع الوصفات'!$F$2:$I$253,4,FALSE),"") | M39: =IF(OR(I39="",NOT(ISNUMBER(I39)),L39=""),"",I39*L39*(1+J39/100)) | O39: =IF(AND(B39="",D39="",F39=""),"",IF(A39="تجاهل","تجاهل",IF(OR(B39="",D39="",F39="",G39="",H39=""),"ناقص",IF(NOT(ISNUMBER(I39)),"خطأ وحدة",IF(OR(J39<0,J39>100),"خطأ هدر","صالح"))))) -> صالح
A40: جاهز للاستيراد | B40: لبنة وأعشاب | C40: =IFERROR(VLOOKUP(B40,'مراجع الوصفات'!$A$2:$D$79,2,FALSE),"") | D40: نعنع طازج | E40: =IFERROR(VLOOKUP(D40,'مراجع الوصفات'!$F$2:$I$253,2,FALSE),"") -> ING-HERB-MINT | F40: 0.05 | G40: عبوة | H40: =IFERROR(VLOOKUP(D40,'مراجع الوصفات'!$F$2:$I$253,3,FALSE),"") -> عبوة | I40: =IF(OR(F40="",G40="",H40=""),"",IF(G40=H40,F40,IF(AND(G40="غ",H40="كغ"),F40/1000,IF(AND(G40="كغ",H40="غ"),F40*1000,IF(AND(G40="مل",H40="لتر"),F40/1000,IF(AND(G40="لتر",H40="مل"),F40*1000,"خطأ وحدة")))))) -> 0.05 | J40: 0 | K40: نعم | L40: =IFERROR(VLOOKUP(D40,'مراجع الوصفات'!$F$2:$I$253,4,FALSE),"") -> 1500 | M40: =IF(OR(I40="",NOT(ISNUMBER(I40)),L40=""),"",I40*L40*(1+J40/100)) -> 75 | N40: نعنع مرفق تلقائياً مع اللبنة. | O40: =IF(AND(B40="",D40="",F40=""),"",IF(A40="تجاهل","تجاهل",IF(OR(B40="",D40="",F40="",G40="",H40=""),"ناقص",IF(NOT(ISNUMBER(I40)),"خطأ وحدة",IF(OR(J40<0,J40>100),"خطأ هدر","صالح"))))) -> صالح
A41: جاهز للاستيراد | B41: لبنة وأعشاب | C41: =IFERROR(VLOOKUP(B41,'مراجع الوصفات'!$A$2:$D$79,2,FALSE),"") | D41: زيت زيتون | E41: =IFERROR(VLOOKUP(D41,'مراجع الوصفات'!$F$2:$I$253,2,FALSE),"") -> ING-OIL-OLIVE | F41: 10 | G41: مل | H41: =IFERROR(VLOOKUP(D41,'مراجع الوصفات'!$F$2:$I$253,3,FALSE),"") -> لتر | I41: =IF(OR(F41="",G41="",H41=""),"",IF(G41=H41,F41,IF(AND(G41="غ",H41="كغ"),F41/1000,IF(AND(G41="كغ",H41="غ"),F41*1000,IF(AND(G41="مل",H41="لتر"),F41/1000,IF(AND(G41="لتر",H41="مل"),F41*1000,"خطأ وحدة")))))) -> 0.01 | J41: 0 | K41: نعم | L41: =IFERROR(VLOOKUP(D41,'مراجع الوصفات'!$F$2:$I$253,4,FALSE),"") | M41: =IF(OR(I41="",NOT(ISNUMBER(I41)),L41=""),"",I41*L41*(1+J41/100)) | O41: =IF(AND(B41="",D41="",F41=""),"",IF(A41="تجاهل","تجاهل",IF(OR(B41="",D41="",F41="",G41="",H41=""),"ناقص",IF(NOT(ISNUMBER(I41)),"خطأ وحدة",IF(OR(J41<0,J41>100),"خطأ هدر","صالح"))))) -> صالح
A42: جاهز للاستيراد | B42: لبنة وأعشاب | C42: =IFERROR(VLOOKUP(B42,'مراجع الوصفات'!$A$2:$D$79,2,FALSE),"") | D42: بندورة | E42: =IFERROR(VLOOKUP(D42,'مراجع الوصفات'!$F$2:$I$253,2,FALSE),"") -> ING-VEG-TOMATO | F42: 50 | G42: غ | H42: =IFERROR(VLOOKUP(D42,'مراجع الوصفات'!$F$2:$I$253,3,FALSE),"") -> كغ | I42: =IF(OR(F42="",G42="",H42=""),"",IF(G42=H42,F42,IF(AND(G42="غ",H42="كغ"),F42/1000,IF(AND(G42="كغ",H42="غ"),F42*1000,IF(AND(G42="مل",H42="لتر"),F42/1000,IF(AND(G42="لتر",H42="مل"),F42*1000,"خطأ وحدة")))))) -> 0.05 | J42: 0 | K42: نعم | L42: =IFERROR(VLOOKUP(D42,'مراجع الوصفات'!$F$2:$I$253,4,FALSE),"") -> 9000 | M42: =IF(OR(I42="",NOT(ISNUMBER(I42)),L42=""),"",I42*L42*(1+J42/100)) -> 450 | O42: =IF(AND(B42="",D42="",F42=""),"",IF(A42="تجاهل","تجاهل",IF(OR(B42="",D42="",F42="",G42="",H42=""),"ناقص",IF(NOT(ISNUMBER(I42)),"خطأ وحدة",IF(OR(J42<0,J42>100),"خطأ هدر","صالح"))))) -> صالح
A43: جاهز للاستيراد | B43: لبنة وأعشاب | C43: =IFERROR(VLOOKUP(B43,'مراجع الوصفات'!$A$2:$D$79,2,FALSE),"") | D43: خيار / بعجور | E43: =IFERROR(VLOOKUP(D43,'مراجع الوصفات'!$F$2:$I$253,2,FALSE),"") -> ING-VEG-CUCUMBER | F43: 50 | G43: غ | H43: =IFERROR(VLOOKUP(D43,'مراجع الوصفات'!$F$2:$I$253,3,FALSE),"") -> كغ | I43: =IF(OR(F43="",G43="",H43=""),"",IF(G43=H43,F43,IF(AND(G43="غ",H43="كغ"),F43/1000,IF(AND(G43="كغ",H43="غ"),F43*1000,IF(AND(G43="مل",H43="لتر"),F43/1000,IF(AND(G43="لتر",H43="مل"),F43*1000,"خطأ وحدة")))))) -> 0.05 | J43: 0 | K43: نعم | L43: =IFERROR(VLOOKUP(D43,'مراجع الوصفات'!$F$2:$I$253,4,FALSE),"") -> 5000 | M43: =IF(OR(I43="",NOT(ISNUMBER(I43)),L43=""),"",I43*L43*(1+J43/100)) -> 250 | O43: =IF(AND(B43="",D43="",F43=""),"",IF(A43="تجاهل","تجاهل",IF(OR(B43="",D43="",F43="",G43="",H43=""),"ناقص",IF(NOT(ISNUMBER(I43)),"خطأ وحدة",IF(OR(J43<0,J43>100),"خطأ هدر","صالح"))))) -> صالح
A44: جاهز للاستيراد | B44: زيت وزعتر | C44: =IFERROR(VLOOKUP(B44,'مراجع الوصفات'!$A$2:$D$79,2,FALSE),"") | D44: خبز سمون | E44: =IFERROR(VLOOKUP(D44,'مراجع الوصفات'!$F$2:$I$253,2,FALSE),"") -> ING-BREAD-SAMOON | F44: 1 | G44: قطعة | H44: =IFERROR(VLOOKUP(D44,'مراجع الوصفات'!$F$2:$I$253,3,FALSE),"") -> قطعة | I44: =IF(OR(F44="",G44="",H44=""),"",IF(G44=H44,F44,IF(AND(G44="غ",H44="كغ"),F44/1000,IF(AND(G44="كغ",H44="غ"),F44*1000,IF(AND(G44="مل",H44="لتر"),F44/1000,IF(AND(G44="لتر",H44="مل"),F44*1000,"خطأ وحدة")))))) -> 1 | J44: 0 | K44: نعم | L44: =IFERROR(VLOOKUP(D44,'مراجع الوصفات'!$F$2:$I$253,4,FALSE),"") | M44: =IF(OR(I44="",NOT(ISNUMBER(I44)),L44=""),"",I44*L44*(1+J44/100)) | O44: =IF(AND(B44="",D44="",F44=""),"",IF(A44="تجاهل","تجاهل",IF(OR(B44="",D44="",F44="",G44="",H44=""),"ناقص",IF(NOT(ISNUMBER(I44)),"خطأ وحدة",IF(OR(J44<0,J44>100),"خطأ هدر","صالح"))))) -> صالح
A45: جاهز للاستيراد | B45: زيت وزعتر | C45: =IFERROR(VLOOKUP(B45,'مراجع الوصفات'!$A$2:$D$79,2,FALSE),"") | D45: زيت زيتون | E45: =IFERROR(VLOOKUP(D45,'مراجع الوصفات'!$F$2:$I$253,2,FALSE),"") -> ING-OIL-OLIVE | F45: 20 | G45: مل | H45: =IFERROR(VLOOKUP(D45,'مراجع الوصفات'!$F$2:$I$253,3,FALSE),"") -> لتر | I45: =IF(OR(F45="",G45="",H45=""),"",IF(G45=H45,F45,IF(AND(G45="غ",H45="كغ"),F45/1000,IF(AND(G45="كغ",H45="غ"),F45*1000,IF(AND(G45="مل",H45="لتر"),F45/1000,IF(AND(G45="لتر",H45="مل"),F45*1000,"خطأ وحدة")))))) -> 0.02 | J45: 0 | K45: نعم | L45: =IFERROR(VLOOKUP(D45,'مراجع الوصفات'!$F$2:$I$253,4,FALSE),"") | M45: =IF(OR(I45="",NOT(ISNUMBER(I45)),L45=""),"",I45*L45*(1+J45/100)) | O45: =IF(AND(B45="",D45="",F45=""),"",IF(A45="تجاهل","تجاهل",IF(OR(B45="",D45="",F45="",G45="",H45=""),"ناقص",IF(NOT(ISNUMBER(I45)),"خطأ وحدة",IF(OR(J45<0,J45>100),"خطأ هدر","صالح"))))) -> صالح
A46: جاهز للاستيراد | B46: زيت وزعتر | C46: =IFERROR(VLOOKUP(B46,'مراجع الوصفات'!$A$2:$D$79,2,FALSE),"") | D46: زعتر يابس | E46: =IFERROR(VLOOKUP(D46,'مراجع الوصفات'!$F$2:$I$253,2,FALSE),"") -> ING-HERB-DRIEDTHYME | F46: 15 | G46: غ | H46: =IFERROR(VLOOKUP(D46,'مراجع الوصفات'!$F$2:$I$253,3,FALSE),"") -> كغ | I46: =IF(OR(F46="",G46="",H46=""),"",IF(G46=H46,F46,IF(AND(G46="غ",H46="كغ"),F46/1000,IF(AND(G46="كغ",H46="غ"),F46*1000,IF(AND(G46="مل",H46="لتر"),F46/1000,IF(AND(G46="لتر",H46="مل"),F46*1000,"خطأ وحدة")))))) -> 0.015 | J46: 0 | K46: نعم | L46: =IFERROR(VLOOKUP(D46,'مراجع الوصفات'!$F$2:$I$253,4,FALSE),"") | M46: =IF(OR(I46="",NOT(ISNUMBER(I46)),L46=""),"",I46*L46*(1+J46/100)) | O46: =IF(AND(B46="",D46="",F46=""),"",IF(A46="تجاهل","تجاهل",IF(OR(B46="",D46="",F46="",G46="",H46=""),"ناقص",IF(NOT(ISNUMBER(I46)),"خطأ وحدة",IF(OR(J46<0,J46>100),"خطأ هدر","صالح"))))) -> صالح
A47: جاهز للاستيراد | B47: زيت وزعتر | C47: =IFERROR(VLOOKUP(B47,'مراجع الوصفات'!$A$2:$D$79,2,FALSE),"") | D47: بندورة | E47: =IFERROR(VLOOKUP(D47,'مراجع الوصفات'!$F$2:$I$253,2,FALSE),"") -> ING-VEG-TOMATO | F47: 40 | G47: غ | H47: =IFERROR(VLOOKUP(D47,'مراجع الوصفات'!$F$2:$I$253,3,FALSE),"") -> كغ | I47: =IF(OR(F47="",G47="",H47=""),"",IF(G47=H47,F47,IF(AND(G47="غ",H47="كغ"),F47/1000,IF(AND(G47="كغ",H47="غ"),F47*1000,IF(AND(G47="مل",H47="لتر"),F47/1000,IF(AND(G47="لتر",H47="مل"),F47*1000,"خطأ وحدة")))))) -> 0.04 | J47: 0 | K47: نعم | L47: =IFERROR(VLOOKUP(D47,'مراجع الوصفات'!$F$2:$I$253,4,FALSE),"") -> 9000 | M47: =IF(OR(I47="",NOT(ISNUMBER(I47)),L47=""),"",I47*L47*(1+J47/100)) -> 360 | O47: =IF(AND(B47="",D47="",F47=""),"",IF(A47="تجاهل","تجاهل",IF(OR(B47="",D47="",F47="",G47="",H47=""),"ناقص",IF(NOT(ISNUMBER(I47)),"خطأ وحدة",IF(OR(J47<0,J47>100),"خطأ هدر","صالح"))))) -> صالح
A48: جاهز للاستيراد | B48: زيت وزعتر | C48: =IFERROR(VLOOKUP(B48,'مراجع الوصفات'!$A$2:$D$79,2,FALSE),"") | D48: خيار / بعجور | E48: =IFERROR(VLOOKUP(D48,'مراجع الوصفات'!$F$2:$I$253,2,FALSE),"") -> ING-VEG-CUCUMBER | F48: 40 | G48: غ | H48: =IFERROR(VLOOKUP(D48,'مراجع الوصفات'!$F$2:$I$253,3,FALSE),"") -> كغ | I48: =IF(OR(F48="",G48="",H48=""),"",IF(G48=H48,F48,IF(AND(G48="غ",H48="كغ"),F48/1000,IF(AND(G48="كغ",H48="غ"),F48*1000,IF(AND(G48="مل",H48="لتر"),F48/1000,IF(AND(G48="لتر",H48="مل"),F48*1000,"خطأ وحدة")))))) -> 0.04 | J48: 0 | K48: نعم | L48: =IFERROR(VLOOKUP(D48,'مراجع الوصفات'!$F$2:$I$253,4,FALSE),"") -> 5000 | M48: =IF(OR(I48="",NOT(ISNUMBER(I48)),L48=""),"",I48*L48*(1+J48/100)) -> 200 | O48: =IF(AND(B48="",D48="",F48=""),"",IF(A48="تجاهل","تجاهل",IF(OR(B48="",D48="",F48="",G48="",H48=""),"ناقص",IF(NOT(ISNUMBER(I48)),"خطأ وحدة",IF(OR(J48<0,J48>100),"خطأ هدر","صالح"))))) -> صالح
A49: جاهز للاستيراد | B49: محمّرة | C49: =IFERROR(VLOOKUP(B49,'مراجع الوصفات'!$A$2:$D$79,2,FALSE),"") | D49: خبز سمون | E49: =IFERROR(VLOOKUP(D49,'مراجع الوصفات'!$F$2:$I$253,2,FALSE),"") -> ING-BREAD-SAMOON | F49: 1 | G49: قطعة | H49: =IFERROR(VLOOKUP(D49,'مراجع الوصفات'!$F$2:$I$253,3,FALSE),"") -> قطعة | I49: =IF(OR(F49="",G49="",H49=""),"",IF(G49=H49,F49,IF(AND(G49="غ",H49="كغ"),F49/1000,IF(AND(G49="كغ",H49="غ"),F49*1000,IF(AND(G49="مل",H49="لتر"),F49/1000,IF(AND(G49="لتر",H49="مل"),F49*1000,"خطأ وحدة")))))) -> 1 | J49: 0 | K49: نعم | L49: =IFERROR(VLOOKUP(D49,'مراجع الوصفات'!$F$2:$I$253,4,FALSE),"") | M49: =IF(OR(I49="",NOT(ISNUMBER(I49)),L49=""),"",I49*L49*(1+J49/100)) | O49: =IF(AND(B49="",D49="",F49=""),"",IF(A49="تجاهل","تجاهل",IF(OR(B49="",D49="",F49="",G49="",H49=""),"ناقص",IF(NOT(ISNUMBER(I49)),"خطأ وحدة",IF(OR(J49<0,J49>100),"خطأ هدر","صالح"))))) -> صالح
A50: جاهز للاستيراد | B50: محمّرة | C50: =IFERROR(VLOOKUP(B50,'مراجع الوصفات'!$A$2:$D$79,2,FALSE),"") | D50: محمّرة جاهزة | E50: =IFERROR(VLOOKUP(D50,'مراجع الوصفات'!$F$2:$I$253,2,FALSE),"") -> ING-PREP-MUHAMMARA | F50: 120 | G50: غ | H50: =IFERROR(VLOOKUP(D50,'مراجع الوصفات'!$F$2:$I$253,3,FALSE),"") -> كغ | I50: =IF(OR(F50="",G50="",H50=""),"",IF(G50=H50,F50,IF(AND(G50="غ",H50="كغ"),F50/1000,IF(AND(G50="كغ",H50="غ"),F50*1000,IF(AND(G50="مل",H50="لتر"),F50/1000,IF(AND(G50="لتر",H50="مل"),F50*1000,"خطأ وحدة")))))) -> 0.12 | J50: 0 | K50: نعم | L50: =IFERROR(VLOOKUP(D50,'مراجع الوصفات'!$F$2:$I$253,4,FALSE),"") | M50: =IF(OR(I50="",NOT(ISNUMBER(I50)),L50=""),"",I50*L50*(1+J50/100)) | O50: =IF(AND(B50="",D50="",F50=""),"",IF(A50="تجاهل","تجاهل",IF(OR(B50="",D50="",F50="",G50="",H50=""),"ناقص",IF(NOT(ISNUMBER(I50)),"خطأ وحدة",IF(OR(J50<0,J50>100),"خطأ هدر","صالح"))))) -> صالح
A51: جاهز للاستيراد | B51: محمّرة | C51: =IFERROR(VLOOKUP(B51,'مراجع الوصفات'!$A$2:$D$79,2,FALSE),"") | D51: مخلل مشكل | E51: =IFERROR(VLOOKUP(D51,'مراجع الوصفات'!$F$2:$I$253,2,FALSE),"") -> ING-PICKLE-MIXED | F51: 0.08 | G51: عبوة | H51: =IFERROR(VLOOKUP(D51,'مراجع الوصفات'!$F$2:$I$253,3,FALSE),"") -> عبوة | I51: =IF(OR(F51="",G51="",H51=""),"",IF(G51=H51,F51,IF(AND(G51="غ",H51="كغ"),F51/1000,IF(AND(G51="كغ",H51="غ"),F51*1000,IF(AND(G51="مل",H51="لتر"),F51/1000,IF(AND(G51="لتر",H51="مل"),F51*1000,"خطأ وحدة")))))) -> 0.08 | J51: 0 | K51: نعم | L51: =IFERROR(VLOOKUP(D51,'مراجع الوصفات'!$F$2:$I$253,4,FALSE),"") -> 7000 | M51: =IF(OR(I51="",NOT(ISNUMBER(I51)),L51=""),"",I51*L51*(1+J51/100)) -> 560 | N51: تقدير حصة المخلل من العبوة. | O51: =IF(AND(B51="",D51="",F51=""),"",IF(A51="تجاهل","تجاهل",IF(OR(B51="",D51="",F51="",G51="",H51=""),"ناقص",IF(NOT(ISNUMBER(I51)),"خطأ وحدة",IF(OR(J51<0,J51>100),"خطأ هدر","صالح"))))) -> صالح
A52: جاهز للاستيراد | B52: الجبنة البلدية | C52: =IFERROR(VLOOKUP(B52,'مراجع الوصفات'!$A$2:$D$79,2,FALSE),"") | D52: خبز سمون | E52: =IFERROR(VLOOKUP(D52,'مراجع الوصفات'!$F$2:$I$253,2,FALSE),"") -> ING-BREAD-SAMOON | F52: 1 | G52: قطعة | H52: =IFERROR(VLOOKUP(D52,'مراجع الوصفات'!$F$2:$I$253,3,FALSE),"") -> قطعة | I52: =IF(OR(F52="",G52="",H52=""),"",IF(G52=H52,F52,IF(AND(G52="غ",H52="كغ"),F52/1000,IF(AND(G52="كغ",H52="غ"),F52*1000,IF(AND(G52="مل",H52="لتر"),F52/1000,IF(AND(G52="لتر",H52="مل"),F52*1000,"خطأ وحدة")))))) -> 1 | J52: 0 | K52: نعم | L52: =IFERROR(VLOOKUP(D52,'مراجع الوصفات'!$F$2:$I$253,4,FALSE),"") | M52: =IF(OR(I52="",NOT(ISNUMBER(I52)),L52=""),"",I52*L52*(1+J52/100)) | O52: =IF(AND(B52="",D52="",F52=""),"",IF(A52="تجاهل","تجاهل",IF(OR(B52="",D52="",F52="",G52="",H52=""),"ناقص",IF(NOT(ISNUMBER(I52)),"خطأ وحدة",IF(OR(J52<0,J52>100),"خطأ هدر","صالح"))))) -> صالح
A53: جاهز للاستيراد | B53: الجبنة البلدية | C53: =IFERROR(VLOOKUP(B53,'مراجع الوصفات'!$A$2:$D$79,2,FALSE),"") | D53: جبنة بيضاء | E53: =IFERROR(VLOOKUP(D53,'مراجع الوصفات'!$F$2:$I$253,2,FALSE),"") -> ING-CHEESE-WHITE | F53: 100 | G53: غ | H53: =IFERROR(VLOOKUP(D53,'مراجع الوصفات'!$F$2:$I$253,3,FALSE),"") -> كغ | I53: =IF(OR(F53="",G53="",H53=""),"",IF(G53=H53,F53,IF(AND(G53="غ",H53="كغ"),F53/1000,IF(AND(G53="كغ",H53="غ"),F53*1000,IF(AND(G53="مل",H53="لتر"),F53/1000,IF(AND(G53="لتر",H53="مل"),F53*1000,"خطأ وحدة")))))) -> 0.1 | J53: 0 | K53: نعم | L53: =IFERROR(VLOOKUP(D53,'مراجع الوصفات'!$F$2:$I$253,4,FALSE),"") | M53: =IF(OR(I53="",NOT(ISNUMBER(I53)),L53=""),"",I53*L53*(1+J53/100)) | O53: =IF(AND(B53="",D53="",F53=""),"",IF(A53="تجاهل","تجاهل",IF(OR(B53="",D53="",F53="",G53="",H53=""),"ناقص",IF(NOT(ISNUMBER(I53)),"خطأ وحدة",IF(OR(J53<0,J53>100),"خطأ هدر","صالح"))))) -> صالح
A54: جاهز للاستيراد | B54: الجبنة البلدية | C54: =IFERROR(VLOOKUP(B54,'مراجع الوصفات'!$A$2:$D$79,2,FALSE),"") | D54: حبق / ريحان | E54: =IFERROR(VLOOKUP(D54,'مراجع الوصفات'!$F$2:$I$253,2,FALSE),"") -> ING-HERB-BASIL | F54: 0.05 | G54: عبوة | H54: =IFERROR(VLOOKUP(D54,'مراجع الوصفات'!$F$2:$I$253,3,FALSE),"") -> عبوة | I54: =IF(OR(F54="",G54="",H54=""),"",IF(G54=H54,F54,IF(AND(G54="غ",H54="كغ"),F54/1000,IF(AND(G54="كغ",H54="غ"),F54*1000,IF(AND(G54="مل",H54="لتر"),F54/1000,IF(AND(G54="لتر",H54="مل"),F54*1000,"خطأ وحدة")))))) -> 0.05 | J54: 0 | K54: نعم | L54: =IFERROR(VLOOKUP(D54,'مراجع الوصفات'!$F$2:$I$253,4,FALSE),"") | M54: =IF(OR(I54="",NOT(ISNUMBER(I54)),L54=""),"",I54*L54*(1+J54/100)) | O54: =IF(AND(B54="",D54="",F54=""),"",IF(A54="تجاهل","تجاهل",IF(OR(B54="",D54="",F54="",G54="",H54=""),"ناقص",IF(NOT(ISNUMBER(I54)),"خطأ وحدة",IF(OR(J54<0,J54>100),"خطأ هدر","صالح"))))) -> صالح
A55: جاهز للاستيراد | B55: الجبنة البلدية | C55: =IFERROR(VLOOKUP(B55,'مراجع الوصفات'!$A$2:$D$79,2,FALSE),"") | D55: زيت زيتون | E55: =IFERROR(VLOOKUP(D55,'مراجع الوصفات'!$F$2:$I$253,2,FALSE),"") -> ING-OIL-OLIVE | F55: 10 | G55: مل | H55: =IFERROR(VLOOKUP(D55,'مراجع الوصفات'!$F$2:$I$253,3,FALSE),"") -> لتر | I55: =IF(OR(F55="",G55="",H55=""),"",IF(G55=H55,F55,IF(AND(G55="غ",H55="كغ"),F55/1000,IF(AND(G55="كغ",H55="غ"),F55*1000,IF(AND(G55="مل",H55="لتر"),F55/1000,IF(AND(G55="لتر",H55="مل"),F55*1000,"خطأ وحدة")))))) -> 0.01 | J55: 0 | K55: نعم | L55: =IFERROR(VLOOKUP(D55,'مراجع الوصفات'!$F$2:$I$253,4,FALSE),"") | M55: =IF(OR(I55="",NOT(ISNUMBER(I55)),L55=""),"",I55*L55*(1+J55/100)) | O55: =IF(AND(B55="",D55="",F55=""),"",IF(A55="تجاهل","تجاهل",IF(OR(B55="",D55="",F55="",G55="",H55=""),"ناقص",IF(NOT(ISNUMBER(I55)),"خطأ وحدة",IF(OR(J55<0,J55>100),"خطأ هدر","صالح"))))) -> صالح
A56: جاهز للاستيراد | B56: الجبنة البلدية | C56: =IFERROR(VLOOKUP(B56,'مراجع الوصفات'!$A$2:$D$79,2,FALSE),"") | D56: بندورة | E56: =IFERROR(VLOOKUP(D56,'مراجع الوصفات'!$F$2:$I$253,2,FALSE),"") -> ING-VEG-TOMATO | F56: 50 | G56: غ | H56: =IFERROR(VLOOKUP(D56,'مراجع الوصفات'!$F$2:$I$253,3,FALSE),"") -> كغ | I56: =IF(OR(F56="",G56="",H56=""),"",IF(G56=H56,F56,IF(AND(G56="غ",H56="كغ"),F56/1000,IF(AND(G56="كغ",H56="غ"),F56*1000,IF(AND(G56="مل",H56="لتر"),F56/1000,IF(AND(G56="لتر",H56="مل"),F56*1000,"خطأ وحدة")))))) -> 0.05 | J56: 0 | K56: نعم | L56: =IFERROR(VLOOKUP(D56,'مراجع الوصفات'!$F$2:$I$253,4,FALSE),"") -> 9000 | M56: =IF(OR(I56="",NOT(ISNUMBER(I56)),L56=""),"",I56*L56*(1+J56/100)) -> 450 | O56: =IF(AND(B56="",D56="",F56=""),"",IF(A56="تجاهل","تجاهل",IF(OR(B56="",D56="",F56="",G56="",H56=""),"ناقص",IF(NOT(ISNUMBER(I56)),"خطأ وحدة",IF(OR(J56<0,J56>100),"خطأ هدر","صالح"))))) -> صالح
A57: جاهز للاستيراد | B57: الجبنة البلدية | C57: =IFERROR(VLOOKUP(B57,'مراجع الوصفات'!$A$2:$D$79,2,FALSE),"") | D57: خيار / بعجور | E57: =IFERROR(VLOOKUP(D57,'مراجع الوصفات'!$F$2:$I$253,2,FALSE),"") -> ING-VEG-CUCUMBER | F57: 50 | G57: غ | H57: =IFERROR(VLOOKUP(D57,'مراجع الوصفات'!$F$2:$I$253,3,FALSE),"") -> كغ | I57: =IF(OR(F57="",G57="",H57=""),"",IF(G57=H57,F57,IF(AND(G57="غ",H57="كغ"),F57/1000,IF(AND(G57="كغ",H57="غ"),F57*1000,IF(AND(G57="مل",H57="لتر"),F57/1000,IF(AND(G57="لتر",H57="مل"),F57*1000,"خطأ وحدة")))))) -> 0.05 | J57: 0 | K57: نعم | L57: =IFERROR(VLOOKUP(D57,'مراجع الوصفات'!$F$2:$I$253,4,FALSE),"") -> 5000 | M57: =IF(OR(I57="",NOT(ISNUMBER(I57)),L57=""),"",I57*L57*(1+J57/100)) -> 250 | O57: =IF(AND(B57="",D57="",F57=""),"",IF(A57="تجاهل","تجاهل",IF(OR(B57="",D57="",F57="",G57="",H57=""),"ناقص",IF(NOT(ISNUMBER(I57)),"خطأ وحدة",IF(OR(J57<0,J57>100),"خطأ هدر","صالح"))))) -> صالح
A58: جاهز للاستيراد | B58: بيض وجبنة | C58: =IFERROR(VLOOKUP(B58,'مراجع الوصفات'!$A$2:$D$79,2,FALSE),"") | D58: خبز سمون | E58: =IFERROR(VLOOKUP(D58,'مراجع الوصفات'!$F$2:$I$253,2,FALSE),"") -> ING-BREAD-SAMOON | F58: 1 | G58: قطعة | H58: =IFERROR(VLOOKUP(D58,'مراجع الوصفات'!$F$2:$I$253,3,FALSE),"") -> قطعة | I58: =IF(OR(F58="",G58="",H58=""),"",IF(G58=H58,F58,IF(AND(G58="غ",H58="كغ"),F58/1000,IF(AND(G58="كغ",H58="غ"),F58*1000,IF(AND(G58="مل",H58="لتر"),F58/1000,IF(AND(G58="لتر",H58="مل"),F58*1000,"خطأ وحدة")))))) -> 1 | J58: 0 | K58: نعم | L58: =IFERROR(VLOOKUP(D58,'مراجع الوصفات'!$F$2:$I$253,4,FALSE),"") | M58: =IF(OR(I58="",NOT(ISNUMBER(I58)),L58=""),"",I58*L58*(1+J58/100)) | O58: =IF(AND(B58="",D58="",F58=""),"",IF(A58="تجاهل","تجاهل",IF(OR(B58="",D58="",F58="",G58="",H58=""),"ناقص",IF(NOT(ISNUMBER(I58)),"خطأ وحدة",IF(OR(J58<0,J58>100),"خطأ هدر","صالح"))))) -> صالح
A59: جاهز للاستيراد | B59: بيض وجبنة | C59: =IFERROR(VLOOKUP(B59,'مراجع الوصفات'!$A$2:$D$79,2,FALSE),"") | D59: بيض | E59: =IFERROR(VLOOKUP(D59,'مراجع الوصفات'!$F$2:$I$253,2,FALSE),"") -> ING-DAIRY-EGG | F59: 2 | G59: قطعة | H59: =IFERROR(VLOOKUP(D59,'مراجع الوصفات'!$F$2:$I$253,3,FALSE),"") -> قطعة | I59: =IF(OR(F59="",G59="",H59=""),"",IF(G59=H59,F59,IF(AND(G59="غ",H59="كغ"),F59/1000,IF(AND(G59="كغ",H59="غ"),F59*1000,IF(AND(G59="مل",H59="لتر"),F59/1000,IF(AND(G59="لتر",H59="مل"),F59*1000,"خطأ وحدة")))))) -> 2 | J59: 0 | K59: نعم | L59: =IFERROR(VLOOKUP(D59,'مراجع الوصفات'!$F$2:$I$253,4,FALSE),"") -> 1500 | M59: =IF(OR(I59="",NOT(ISNUMBER(I59)),L59=""),"",I59*L59*(1+J59/100)) -> 3000 | O59: =IF(AND(B59="",D59="",F59=""),"",IF(A59="تجاهل","تجاهل",IF(OR(B59="",D59="",F59="",G59="",H59=""),"ناقص",IF(NOT(ISNUMBER(I59)),"خطأ وحدة",IF(OR(J59<0,J59>100),"خطأ هدر","صالح"))))) -> صالح
A60: جاهز للاستيراد | B60: بيض وجبنة | C60: =IFERROR(VLOOKUP(B60,'مراجع الوصفات'!$A$2:$D$79,2,FALSE),"") | D60: جبنة بيضاء | E60: =IFERROR(VLOOKUP(D60,'مراجع الوصفات'!$F$2:$I$253,2,FALSE),"") -> ING-CHEESE-WHITE | F60: 50 | G60: غ | H60: =IFERROR(VLOOKUP(D60,'مراجع الوصفات'!$F$2:$I$253,3,FALSE),"") -> كغ | I60: =IF(OR(F60="",G60="",H60=""),"",IF(G60=H60,F60,IF(AND(G60="غ",H60="كغ"),F60/1000,IF(AND(G60="كغ",H60="غ"),F60*1000,IF(AND(G60="مل",H60="لتر"),F60/1000,IF(AND(G60="لتر",H60="مل"),F60*1000,"خطأ وحدة")))))) -> 0.05 | J60: 0 | K60: نعم | L60: =IFERROR(VLOOKUP(D60,'مراجع الوصفات'!$F$2:$I$253,4,FALSE),"") | M60: =IF(OR(I60="",NOT(ISNUMBER(I60)),L60=""),"",I60*L60*(1+J60/100)) | O60: =IF(AND(B60="",D60="",F60=""),"",IF(A60="تجاهل","تجاهل",IF(OR(B60="",D60="",F60="",G60="",H60=""),"ناقص",IF(NOT(ISNUMBER(I60)),"خطأ وحدة",IF(OR(J60<0,J60>100),"خطأ هدر","صالح"))))) -> صالح
A61: جاهز للاستيراد | B61: بيض وجبنة | C61: =IFERROR(VLOOKUP(B61,'مراجع الوصفات'!$A$2:$D$79,2,FALSE),"") | D61: بندورة | E61: =IFERROR(VLOOKUP(D61,'مراجع الوصفات'!$F$2:$I$253,2,FALSE),"") -> ING-VEG-TOMATO | F61: 40 | G61: غ | H61: =IFERROR(VLOOKUP(D61,'مراجع الوصفات'!$F$2:$I$253,3,FALSE),"") -> كغ | I61: =IF(OR(F61="",G61="",H61=""),"",IF(G61=H61,F61,IF(AND(G61="غ",H61="كغ"),F61/1000,IF(AND(G61="كغ",H61="غ"),F61*1000,IF(AND(G61="مل",H61="لتر"),F61/1000,IF(AND(G61="لتر",H61="مل"),F61*1000,"خطأ وحدة")))))) -> 0.04 | J61: 0 | K61: نعم | L61: =IFERROR(VLOOKUP(D61,'مراجع الوصفات'!$F$2:$I$253,4,FALSE),"") -> 9000 | M61: =IF(OR(I61="",NOT(ISNUMBER(I61)),L61=""),"",I61*L61*(1+J61/100)) -> 360 | O61: =IF(AND(B61="",D61="",F61=""),"",IF(A61="تجاهل","تجاهل",IF(OR(B61="",D61="",F61="",G61="",H61=""),"ناقص",IF(NOT(ISNUMBER(I61)),"خطأ وحدة",IF(OR(J61<0,J61>100),"خطأ هدر","صالح"))))) -> صالح
A62: جاهز للاستيراد | B62: بيض وجبنة | C62: =IFERROR(VLOOKUP(B62,'مراجع الوصفات'!$A$2:$D$79,2,FALSE),"") | D62: خيار / بعجور | E62: =IFERROR(VLOOKUP(D62,'مراجع الوصفات'!$F$2:$I$253,2,FALSE),"") -> ING-VEG-CUCUMBER | F62: 40 | G62: غ | H62: =IFERROR(VLOOKUP(D62,'مراجع الوصفات'!$F$2:$I$253,3,FALSE),"") -> كغ | I62: =IF(OR(F62="",G62="",H62=""),"",IF(G62=H62,F62,IF(AND(G62="غ",H62="كغ"),F62/1000,IF(AND(G62="كغ",H62="غ"),F62*1000,IF(AND(G62="مل",H62="لتر"),F62/1000,IF(AND(G62="لتر",H62="مل"),F62*1000,"خطأ وحدة")))))) -> 0.04 | J62: 0 | K62: نعم | L62: =IFERROR(VLOOKUP(D62,'مراجع الوصفات'!$F$2:$I$253,4,FALSE),"") -> 5000 | M62: =IF(OR(I62="",NOT(ISNUMBER(I62)),L62=""),"",I62*L62*(1+J62/100)) -> 200 | O62: =IF(AND(B62="",D62="",F62=""),"",IF(A62="تجاهل","تجاهل",IF(OR(B62="",D62="",F62="",G62="",H62=""),"ناقص",IF(NOT(ISNUMBER(I62)),"خطأ وحدة",IF(OR(J62<0,J62>100),"خطأ هدر","صالح"))))) -> صالح
A63: جاهز للاستيراد | B63: دجاج وثوم | C63: =IFERROR(VLOOKUP(B63,'مراجع الوصفات'!$A$2:$D$79,2,FALSE),"") | D63: خبز سمون | E63: =IFERROR(VLOOKUP(D63,'مراجع الوصفات'!$F$2:$I$253,2,FALSE),"") -> ING-BREAD-SAMOON | F63: 1 | G63: قطعة | H63: =IFERROR(VLOOKUP(D63,'مراجع الوصفات'!$F$2:$I$253,3,FALSE),"") -> قطعة | I63: =IF(OR(F63="",G63="",H63=""),"",IF(G63=H63,F63,IF(AND(G63="غ",H63="كغ"),F63/1000,IF(AND(G63="كغ",H63="غ"),F63*1000,IF(AND(G63="مل",H63="لتر"),F63/1000,IF(AND(G63="لتر",H63="مل"),F63*1000,"خطأ وحدة")))))) -> 1 | J63: 0 | K63: نعم | L63: =IFERROR(VLOOKUP(D63,'مراجع الوصفات'!$F$2:$I$253,4,FALSE),"") | M63: =IF(OR(I63="",NOT(ISNUMBER(I63)),L63=""),"",I63*L63*(1+J63/100)) | O63: =IF(AND(B63="",D63="",F63=""),"",IF(A63="تجاهل","تجاهل",IF(OR(B63="",D63="",F63="",G63="",H63=""),"ناقص",IF(NOT(ISNUMBER(I63)),"خطأ وحدة",IF(OR(J63<0,J63>100),"خطأ هدر","صالح"))))) -> صالح
A64: جاهز للاستيراد | B64: دجاج وثوم | C64: =IFERROR(VLOOKUP(B64,'مراجع الوصفات'!$A$2:$D$79,2,FALSE),"") | D64: صدر دجاج | E64: =IFERROR(VLOOKUP(D64,'مراجع الوصفات'!$F$2:$I$253,2,FALSE),"") -> ING-MEAT-CHICKENBREAST | F64: 120 | G64: غ | H64: =IFERROR(VLOOKUP(D64,'مراجع الوصفات'!$F$2:$I$253,3,FALSE),"") -> كغ | I64: =IF(OR(F64="",G64="",H64=""),"",IF(G64=H64,F64,IF(AND(G64="غ",H64="كغ"),F64/1000,IF(AND(G64="كغ",H64="غ"),F64*1000,IF(AND(G64="مل",H64="لتر"),F64/1000,IF(AND(G64="لتر",H64="مل"),F64*1000,"خطأ وحدة")))))) -> 0.12 | J64: 10 | K64: نعم | L64: =IFERROR(VLOOKUP(D64,'مراجع الوصفات'!$F$2:$I$253,4,FALSE),"") -> 35000 | M64: =IF(OR(I64="",NOT(ISNUMBER(I64)),L64=""),"",I64*L64*(1+J64/100)) -> 4620 | N64: الوزن الخام قبل الشوي؛ هدر تقديري 10%. | O64: =IF(AND(B64="",D64="",F64=""),"",IF(A64="تجاهل","تجاهل",IF(OR(B64="",D64="",F64="",G64="",H64=""),"ناقص",IF(NOT(ISNUMBER(I64)),"خطأ وحدة",IF(OR(J64<0,J64>100),"خطأ هدر","صالح"))))) -> صالح
A65: جاهز للاستيراد | B65: دجاج وثوم | C65: =IFERROR(VLOOKUP(B65,'مراجع الوصفات'!$A$2:$D$79,2,FALSE),"") | D65: لبنة | E65: =IFERROR(VLOOKUP(D65,'مراجع الوصفات'!$F$2:$I$253,2,FALSE),"") -> ING-DAIRY-LABNEH | F65: 50 | G65: غ | H65: =IFERROR(VLOOKUP(D65,'مراجع الوصفات'!$F$2:$I$253,3,FALSE),"") -> كغ | I65: =IF(OR(F65="",G65="",H65=""),"",IF(G65=H65,F65,IF(AND(G65="غ",H65="كغ"),F65/1000,IF(AND(G65="كغ",H65="غ"),F65*1000,IF(AND(G65="مل",H65="لتر"),F65/1000,IF(AND(G65="لتر",H65="مل"),F65*1000,"خطأ وحدة")))))) -> 0.05 | J65: 0 | K65: نعم | L65: =IFERROR(VLOOKUP(D65,'مراجع الوصفات'!$F$2:$I$253,4,FALSE),"") | M65: =IF(OR(I65="",NOT(ISNUMBER(I65)),L65=""),"",I65*L65*(1+J65/100)) | N65: قاعدة صوص الثوم المؤقتة؛ الأفضل إضافة مادة ثومية منفصلة. | O65: =IF(AND(B65="",D65="",F65=""),"",IF(A65="تجاهل","تجاهل",IF(OR(B65="",D65="",F65="",G65="",H65=""),"ناقص",IF(NOT(ISNUMBER(I65)),"خطأ وحدة",IF(OR(J65<0,J65>100),"خطأ هدر","صالح"))))) -> صالح
A66: جاهز للاستيراد | B66: دجاج وثوم | C66: =IFERROR(VLOOKUP(B66,'مراجع الوصفات'!$A$2:$D$79,2,FALSE),"") | D66: ثوم طازج | E66: =IFERROR(VLOOKUP(D66,'مراجع الوصفات'!$F$2:$I$253,2,FALSE),"") -> ING-VEG-GARLIC | F66: 5 | G66: غ | H66: =IFERROR(VLOOKUP(D66,'مراجع الوصفات'!$F$2:$I$253,3,FALSE),"") -> كغ | I66: =IF(OR(F66="",G66="",H66=""),"",IF(G66=H66,F66,IF(AND(G66="غ",H66="كغ"),F66/1000,IF(AND(G66="كغ",H66="غ"),F66*1000,IF(AND(G66="مل",H66="لتر"),F66/1000,IF(AND(G66="لتر",H66="مل"),F66*1000,"خطأ وحدة")))))) -> 0.005 | J66: 0 | K66: نعم | L66: =IFERROR(VLOOKUP(D66,'مراجع الوصفات'!$F$2:$I$253,4,FALSE),"") -> 8000 | M66: =IF(OR(I66="",NOT(ISNUMBER(I66)),L66=""),"",I66*L66*(1+J66/100)) -> 40 | O66: =IF(AND(B66="",D66="",F66=""),"",IF(A66="تجاهل","تجاهل",IF(OR(B66="",D66="",F66="",G66="",H66=""),"ناقص",IF(NOT(ISNUMBER(I66)),"خطأ وحدة",IF(OR(J66<0,J66>100),"خطأ هدر","صالح"))))) -> صالح
A67: جاهز للاستيراد | B67: دجاج وثوم | C67: =IFERROR(VLOOKUP(B67,'مراجع الوصفات'!$A$2:$D$79,2,FALSE),"") | D67: مخلل مشكل | E67: =IFERROR(VLOOKUP(D67,'مراجع الوصفات'!$F$2:$I$253,2,FALSE),"") -> ING-PICKLE-MIXED | F67: 0.08 | G67: عبوة | H67: =IFERROR(VLOOKUP(D67,'مراجع الوصفات'!$F$2:$I$253,3,FALSE),"") -> عبوة | I67: =IF(OR(F67="",G67="",H67=""),"",IF(G67=H67,F67,IF(AND(G67="غ",H67="كغ"),F67/1000,IF(AND(G67="كغ",H67="غ"),F67*1000,IF(AND(G67="مل",H67="لتر"),F67/1000,IF(AND(G67="لتر",H67="مل"),F67*1000,"خطأ وحدة")))))) -> 0.08 | J67: 0 | K67: نعم | L67: =IFERROR(VLOOKUP(D67,'مراجع الوصفات'!$F$2:$I$253,4,FALSE),"") -> 7000 | M67: =IF(OR(I67="",NOT(ISNUMBER(I67)),L67=""),"",I67*L67*(1+J67/100)) -> 560 | O67: =IF(AND(B67="",D67="",F67=""),"",IF(A67="تجاهل","تجاهل",IF(OR(B67="",D67="",F67="",G67="",H67=""),"ناقص",IF(NOT(ISNUMBER(I67)),"خطأ وحدة",IF(OR(J67<0,J67>100),"خطأ هدر","صالح"))))) -> صالح
A68: جاهز للاستيراد | B68: دجاج وثوم | C68: =IFERROR(VLOOKUP(B68,'مراجع الوصفات'!$A$2:$D$79,2,FALSE),"") | D68: خس | E68: =IFERROR(VLOOKUP(D68,'مراجع الوصفات'!$F$2:$I$253,2,FALSE),"") -> ING-VEG-LETTUCE | F68: 0.05 | G68: عبوة | H68: =IFERROR(VLOOKUP(D68,'مراجع الوصفات'!$F$2:$I$253,3,FALSE),"") -> عبوة | I68: =IF(OR(F68="",G68="",H68=""),"",IF(G68=H68,F68,IF(AND(G68="غ",H68="كغ"),F68/1000,IF(AND(G68="كغ",H68="غ"),F68*1000,IF(AND(G68="مل",H68="لتر"),F68/1000,IF(AND(G68="لتر",H68="مل"),F68*1000,"خطأ وحدة")))))) -> 0.05 | J68: 0 | K68: نعم | L68: =IFERROR(VLOOKUP(D68,'مراجع الوصفات'!$F$2:$I$253,4,FALSE),"") -> 8000 | M68: =IF(OR(I68="",NOT(ISNUMBER(I68)),L68=""),"",I68*L68*(1+J68/100)) -> 400 | O68: =IF(AND(B68="",D68="",F68=""),"",IF(A68="تجاهل","تجاهل",IF(OR(B68="",D68="",F68="",G68="",H68=""),"ناقص",IF(NOT(ISNUMBER(I68)),"خطأ وحدة",IF(OR(J68<0,J68>100),"خطأ هدر","صالح"))))) -> صالح
A69: جاهز للاستيراد | B69: دجاج حار | C69: =IFERROR(VLOOKUP(B69,'مراجع الوصفات'!$A$2:$D$79,2,FALSE),"") | D69: خبز سمون | E69: =IFERROR(VLOOKUP(D69,'مراجع الوصفات'!$F$2:$I$253,2,FALSE),"") -> ING-BREAD-SAMOON | F69: 1 | G69: قطعة | H69: =IFERROR(VLOOKUP(D69,'مراجع الوصفات'!$F$2:$I$253,3,FALSE),"") -> قطعة | I69: =IF(OR(F69="",G69="",H69=""),"",IF(G69=H69,F69,IF(AND(G69="غ",H69="كغ"),F69/1000,IF(AND(G69="كغ",H69="غ"),F69*1000,IF(AND(G69="مل",H69="لتر"),F69/1000,IF(AND(G69="لتر",H69="مل"),F69*1000,"خطأ وحدة")))))) -> 1 | J69: 0 | K69: نعم | L69: =IFERROR(VLOOKUP(D69,'مراجع الوصفات'!$F$2:$I$253,4,FALSE),"") | M69: =IF(OR(I69="",NOT(ISNUMBER(I69)),L69=""),"",I69*L69*(1+J69/100)) | O69: =IF(AND(B69="",D69="",F69=""),"",IF(A69="تجاهل","تجاهل",IF(OR(B69="",D69="",F69="",G69="",H69=""),"ناقص",IF(NOT(ISNUMBER(I69)),"خطأ وحدة",IF(OR(J69<0,J69>100),"خطأ هدر","صالح"))))) -> صالح
A70: جاهز للاستيراد | B70: دجاج حار | C70: =IFERROR(VLOOKUP(B70,'مراجع الوصفات'!$A$2:$D$79,2,FALSE),"") | D70: صدر دجاج | E70: =IFERROR(VLOOKUP(D70,'مراجع الوصفات'!$F$2:$I$253,2,FALSE),"") -> ING-MEAT-CHICKENBREAST | F70: 120 | G70: غ | H70: =IFERROR(VLOOKUP(D70,'مراجع الوصفات'!$F$2:$I$253,3,FALSE),"") -> كغ | I70: =IF(OR(F70="",G70="",H70=""),"",IF(G70=H70,F70,IF(AND(G70="غ",H70="كغ"),F70/1000,IF(AND(G70="كغ",H70="غ"),F70*1000,IF(AND(G70="مل",H70="لتر"),F70/1000,IF(AND(G70="لتر",H70="مل"),F70*1000,"خطأ وحدة")))))) -> 0.12 | J70: 10 | K70: نعم | L70: =IFERROR(VLOOKUP(D70,'مراجع الوصفات'!$F$2:$I$253,4,FALSE),"") -> 35000 | M70: =IF(OR(I70="",NOT(ISNUMBER(I70)),L70=""),"",I70*L70*(1+J70/100)) -> 4620 | N70: الوزن الخام قبل الشوي؛ هدر تقديري 10%. | O70: =IF(AND(B70="",D70="",F70=""),"",IF(A70="تجاهل","تجاهل",IF(OR(B70="",D70="",F70="",G70="",H70=""),"ناقص",IF(NOT(ISNUMBER(I70)),"خطأ وحدة",IF(OR(J70<0,J70>100),"خطأ هدر","صالح"))))) -> صالح
A71: جاهز للاستيراد | B71: دجاج حار | C71: =IFERROR(VLOOKUP(B71,'مراجع الوصفات'!$A$2:$D$79,2,FALSE),"") | D71: شطة / معجون فلفل حار | E71: =IFERROR(VLOOKUP(D71,'مراجع الوصفات'!$F$2:$I$253,2,FALSE),"") -> ING-SAUCE-CHILIPASTE | F71: 15 | G71: غ | H71: =IFERROR(VLOOKUP(D71,'مراجع الوصفات'!$F$2:$I$253,3,FALSE),"") -> كغ | I71: =IF(OR(F71="",G71="",H71=""),"",IF(G71=H71,F71,IF(AND(G71="غ",H71="كغ"),F71/1000,IF(AND(G71="كغ",H71="غ"),F71*1000,IF(AND(G71="مل",H71="لتر"),F71/1000,IF(AND(G71="لتر",H71="مل"),F71*1000,"خطأ وحدة")))))) -> 0.015 | J71: 0 | K71: نعم | L71: =IFERROR(VLOOKUP(D71,'مراجع الوصفات'!$F$2:$I$253,4,FALSE),"") -> 32000 | M71: =IF(OR(I71="",NOT(ISNUMBER(I71)),L71=""),"",I71*L71*(1+J71/100)) -> 480 | O71: =IF(AND(B71="",D71="",F71=""),"",IF(A71="تجاهل","تجاهل",IF(OR(B71="",D71="",F71="",G71="",H71=""),"ناقص",IF(NOT(ISNUMBER(I71)),"خطأ وحدة",IF(OR(J71<0,J71>100),"خطأ هدر","صالح"))))) -> صالح
A72: جاهز للاستيراد | B72: دجاج حار | C72: =IFERROR(VLOOKUP(B72,'مراجع الوصفات'!$A$2:$D$79,2,FALSE),"") | D72: مايونيز | E72: =IFERROR(VLOOKUP(D72,'مراجع الوصفات'!$F$2:$I$253,2,FALSE),"") -> ING-SAUCE-MAYO | F72: 0.08 | G72: عبوة | H72: =IFERROR(VLOOKUP(D72,'مراجع الوصفات'!$F$2:$I$253,3,FALSE),"") -> عبوة | I72: =IF(OR(F72="",G72="",H72=""),"",IF(G72=H72,F72,IF(AND(G72="غ",H72="كغ"),F72/1000,IF(AND(G72="كغ",H72="غ"),F72*1000,IF(AND(G72="مل",H72="لتر"),F72/1000,IF(AND(G72="لتر",H72="مل"),F72*1000,"خطأ وحدة")))))) -> 0.08 | J72: 0 | K72: نعم | L72: =IFERROR(VLOOKUP(D72,'مراجع الوصفات'!$F$2:$I$253,4,FALSE),"") -> 23000 | M72: =IF(OR(I72="",NOT(ISNUMBER(I72)),L72=""),"",I72*L72*(1+J72/100)) -> 1840 | N72: تقدير حصة المايونيز من العبوة؛ الأفضل تحويل المايونيز إلى كغ أو مل. | O72: =IF(AND(B72="",D72="",F72=""),"",IF(A72="تجاهل","تجاهل",IF(OR(B72="",D72="",F72="",G72="",H72=""),"ناقص",IF(NOT(ISNUMBER(I72)),"خطأ وحدة",IF(OR(J72<0,J72>100),"خطأ هدر","صالح"))))) -> صالح
A73: جاهز للاستيراد | B73: دجاج حار | C73: =IFERROR(VLOOKUP(B73,'مراجع الوصفات'!$A$2:$D$79,2,FALSE),"") | D73: مخلل مشكل | E73: =IFERROR(VLOOKUP(D73,'مراجع الوصفات'!$F$2:$I$253,2,FALSE),"") -> ING-PICKLE-MIXED | F73: 0.08 | G73: عبوة | H73: =IFERROR(VLOOKUP(D73,'مراجع الوصفات'!$F$2:$I$253,3,FALSE),"") -> عبوة | I73: =IF(OR(F73="",G73="",H73=""),"",IF(G73=H73,F73,IF(AND(G73="غ",H73="كغ"),F73/1000,IF(AND(G73="كغ",H73="غ"),F73*1000,IF(AND(G73="مل",H73="لتر"),F73/1000,IF(AND(G73="لتر",H73="مل"),F73*1000,"خطأ وحدة")))))) -> 0.08 | J73: 0 | K73: نعم | L73: =IFERROR(VLOOKUP(D73,'مراجع الوصفات'!$F$2:$I$253,4,FALSE),"") -> 7000 | M73: =IF(OR(I73="",NOT(ISNUMBER(I73)),L73=""),"",I73*L73*(1+J73/100)) -> 560 | O73: =IF(AND(B73="",D73="",F73=""),"",IF(A73="تجاهل","تجاهل",IF(OR(B73="",D73="",F73="",G73="",H73=""),"ناقص",IF(NOT(ISNUMBER(I73)),"خطأ وحدة",IF(OR(J73<0,J73>100),"خطأ هدر","صالح"))))) -> صالح
A74: جاهز للاستيراد | B74: دجاج حار | C74: =IFERROR(VLOOKUP(B74,'مراجع الوصفات'!$A$2:$D$79,2,FALSE),"") | D74: خس | E74: =IFERROR(VLOOKUP(D74,'مراجع الوصفات'!$F$2:$I$253,2,FALSE),"") -> ING-VEG-LETTUCE | F74: 0.05 | G74: عبوة | H74: =IFERROR(VLOOKUP(D74,'مراجع الوصفات'!$F$2:$I$253,3,FALSE),"") -> عبوة | I74: =IF(OR(F74="",G74="",H74=""),"",IF(G74=H74,F74,IF(AND(G74="غ",H74="كغ"),F74/1000,IF(AND(G74="كغ",H74="غ"),F74*1000,IF(AND(G74="مل",H74="لتر"),F74/1000,IF(AND(G74="لتر",H74="مل"),F74*1000,"خطأ وحدة")))))) -> 0.05 | J74: 0 | K74: نعم | L74: =IFERROR(VLOOKUP(D74,'مراجع الوصفات'!$F$2:$I$253,4,FALSE),"") -> 8000 | M74: =IF(OR(I74="",NOT(ISNUMBER(I74)),L74=""),"",I74*L74*(1+J74/100)) -> 400 | O74: =IF(AND(B74="",D74="",F74=""),"",IF(A74="تجاهل","تجاهل",IF(OR(B74="",D74="",F74="",G74="",H74=""),"ناقص",IF(NOT(ISNUMBER(I74)),"خطأ وحدة",IF(OR(J74<0,J74>100),"خطأ هدر","صالح"))))) -> صالح
A75: جاهز للاستيراد | B75: زبدة ومربى | C75: =IFERROR(VLOOKUP(B75,'مراجع الوصفات'!$A$2:$D$79,2,FALSE),"") | D75: خبز سمون | E75: =IFERROR(VLOOKUP(D75,'مراجع الوصفات'!$F$2:$I$253,2,FALSE),"") -> ING-BREAD-SAMOON | F75: 1 | G75: قطعة | H75: =IFERROR(VLOOKUP(D75,'مراجع الوصفات'!$F$2:$I$253,3,FALSE),"") -> قطعة | I75: =IF(OR(F75="",G75="",H75=""),"",IF(G75=H75,F75,IF(AND(G75="غ",H75="كغ"),F75/1000,IF(AND(G75="كغ",H75="غ"),F75*1000,IF(AND(G75="مل",H75="لتر"),F75/1000,IF(AND(G75="لتر",H75="مل"),F75*1000,"خطأ وحدة")))))) -> 1 | J75: 0 | K75: نعم | L75: =IFERROR(VLOOKUP(D75,'مراجع الوصفات'!$F$2:$I$253,4,FALSE),"") | M75: =IF(OR(I75="",NOT(ISNUMBER(I75)),L75=""),"",I75*L75*(1+J75/100)) | O75: =IF(AND(B75="",D75="",F75=""),"",IF(A75="تجاهل","تجاهل",IF(OR(B75="",D75="",F75="",G75="",H75=""),"ناقص",IF(NOT(ISNUMBER(I75)),"خطأ وحدة",IF(OR(J75<0,J75>100),"خطأ هدر","صالح"))))) -> صالح
A76: جاهز للاستيراد | B76: زبدة ومربى | C76: =IFERROR(VLOOKUP(B76,'مراجع الوصفات'!$A$2:$D$79,2,FALSE),"") | D76: زبدة | E76: =IFERROR(VLOOKUP(D76,'مراجع الوصفات'!$F$2:$I$253,2,FALSE),"") -> ING-DAIRY-BUTTER | F76: 30 | G76: غ | H76: =IFERROR(VLOOKUP(D76,'مراجع الوصفات'!$F$2:$I$253,3,FALSE),"") -> كغ | I76: =IF(OR(F76="",G76="",H76=""),"",IF(G76=H76,F76,IF(AND(G76="غ",H76="كغ"),F76/1000,IF(AND(G76="كغ",H76="غ"),F76*1000,IF(AND(G76="مل",H76="لتر"),F76/1000,IF(AND(G76="لتر",H76="مل"),F76*1000,"خطأ وحدة")))))) -> 0.03 | J76: 0 | K76: نعم | L76: =IFERROR(VLOOKUP(D76,'مراجع الوصفات'!$F$2:$I$253,4,FALSE),"") | M76: =IF(OR(I76="",NOT(ISNUMBER(I76)),L76=""),"",I76*L76*(1+J76/100)) | O76: =IF(AND(B76="",D76="",F76=""),"",IF(A76="تجاهل","تجاهل",IF(OR(B76="",D76="",F76="",G76="",H76=""),"ناقص",IF(NOT(ISNUMBER(I76)),"خطأ وحدة",IF(OR(J76<0,J76>100),"خطأ هدر","صالح"))))) -> صالح
A77: جاهز للاستيراد | B77: زبدة ومربى | C77: =IFERROR(VLOOKUP(B77,'مراجع الوصفات'!$A$2:$D$79,2,FALSE),"") | D77: مربى | E77: =IFERROR(VLOOKUP(D77,'مراجع الوصفات'!$F$2:$I$253,2,FALSE),"") -> ING-SWEET-JAM | F77: 40 | G77: غ | H77: =IFERROR(VLOOKUP(D77,'مراجع الوصفات'!$F$2:$I$253,3,FALSE),"") -> كغ | I77: =IF(OR(F77="",G77="",H77=""),"",IF(G77=H77,F77,IF(AND(G77="غ",H77="كغ"),F77/1000,IF(AND(G77="كغ",H77="غ"),F77*1000,IF(AND(G77="مل",H77="لتر"),F77/1000,IF(AND(G77="لتر",H77="مل"),F77*1000,"خطأ وحدة")))))) -> 0.04 | J77: 0 | K77: نعم | L77: =IFERROR(VLOOKUP(D77,'مراجع الوصفات'!$F$2:$I$253,4,FALSE),"") | M77: =IF(OR(I77="",NOT(ISNUMBER(I77)),L77=""),"",I77*L77*(1+J77/100)) | O77: =IF(AND(B77="",D77="",F77=""),"",IF(A77="تجاهل","تجاهل",IF(OR(B77="",D77="",F77="",G77="",H77=""),"ناقص",IF(NOT(ISNUMBER(I77)),"خطأ وحدة",IF(OR(J77<0,J77>100),"خطأ هدر","صالح"))))) -> صالح
A78: جاهز للاستيراد | B78: قهوة تركية | C78: =IFERROR(VLOOKUP(B78,'مراجع الوصفات'!$A$2:$D$79,2,FALSE),"") | D78: بن تركي | E78: =IFERROR(VLOOKUP(D78,'مراجع الوصفات'!$F$2:$I$253,2,FALSE),"") -> DRK-COF-TURKISH | F78: 7 | G78: غ | H78: =IFERROR(VLOOKUP(D78,'مراجع الوصفات'!$F$2:$I$253,3,FALSE),"") -> كغ | I78: =IF(OR(F78="",G78="",H78=""),"",IF(G78=H78,F78,IF(AND(G78="غ",H78="كغ"),F78/1000,IF(AND(G78="كغ",H78="غ"),F78*1000,IF(AND(G78="مل",H78="لتر"),F78/1000,IF(AND(G78="لتر",H78="مل"),F78*1000,"خطأ وحدة")))))) -> 0.007 | J78: 0 | K78: نعم | L78: =IFERROR(VLOOKUP(D78,'مراجع الوصفات'!$F$2:$I$253,4,FALSE),"") | M78: =IF(OR(I78="",NOT(ISNUMBER(I78)),L78=""),"",I78*L78*(1+J78/100)) | N78: جرعة تقديرية 7غ. | O78: =IF(AND(B78="",D78="",F78=""),"",IF(A78="تجاهل","تجاهل",IF(OR(B78="",D78="",F78="",G78="",H78=""),"ناقص",IF(NOT(ISNUMBER(I78)),"خطأ وحدة",IF(OR(J78<0,J78>100),"خطأ هدر","صالح"))))) -> صالح
A79: جاهز للاستيراد | B79: إسبريسو | C79: =IFERROR(VLOOKUP(B79,'مراجع الوصفات'!$A$2:$D$79,2,FALSE),"") | D79: بن إسبريسو | E79: =IFERROR(VLOOKUP(D79,'مراجع الوصفات'!$F$2:$I$253,2,FALSE),"") -> DRK-COF-ESPRESSO | F79: 18 | G79: غ | H79: =IFERROR(VLOOKUP(D79,'مراجع الوصفات'!$F$2:$I$253,3,FALSE),"") -> كغ | I79: =IF(OR(F79="",G79="",H79=""),"",IF(G79=H79,F79,IF(AND(G79="غ",H79="كغ"),F79/1000,IF(AND(G79="كغ",H79="غ"),F79*1000,IF(AND(G79="مل",H79="لتر"),F79/1000,IF(AND(G79="لتر",H79="مل"),F79*1000,"خطأ وحدة")))))) -> 0.018 | J79: 0 | K79: نعم | L79: =IFERROR(VLOOKUP(D79,'مراجع الوصفات'!$F$2:$I$253,4,FALSE),"") | M79: =IF(OR(I79="",NOT(ISNUMBER(I79)),L79=""),"",I79*L79*(1+J79/100)) | N79: جرعة مزدوجة تقديرية 18غ. | O79: =IF(AND(B79="",D79="",F79=""),"",IF(A79="تجاهل","تجاهل",IF(OR(B79="",D79="",F79="",G79="",H79=""),"ناقص",IF(NOT(ISNUMBER(I79)),"خطأ وحدة",IF(OR(J79<0,J79>100),"خطأ هدر","صالح"))))) -> صالح
A80: جاهز للاستيراد | B80: كابتشينو | C80: =IFERROR(VLOOKUP(B80,'مراجع الوصفات'!$A$2:$D$79,2,FALSE),"") | D80: بن إسبريسو | E80: =IFERROR(VLOOKUP(D80,'مراجع الوصفات'!$F$2:$I$253,2,FALSE),"") -> DRK-COF-ESPRESSO | F80: 18 | G80: غ | H80: =IFERROR(VLOOKUP(D80,'مراجع الوصفات'!$F$2:$I$253,3,FALSE),"") -> كغ | I80: =IF(OR(F80="",G80="",H80=""),"",IF(G80=H80,F80,IF(AND(G80="غ",H80="كغ"),F80/1000,IF(AND(G80="كغ",H80="غ"),F80*1000,IF(AND(G80="مل",H80="لتر"),F80/1000,IF(AND(G80="لتر",H80="مل"),F80*1000,"خطأ وحدة")))))) -> 0.018 | J80: 0 | K80: نعم | L80: =IFERROR(VLOOKUP(D80,'مراجع الوصفات'!$F$2:$I$253,4,FALSE),"") | M80: =IF(OR(I80="",NOT(ISNUMBER(I80)),L80=""),"",I80*L80*(1+J80/100)) | O80: =IF(AND(B80="",D80="",F80=""),"",IF(A80="تجاهل","تجاهل",IF(OR(B80="",D80="",F80="",G80="",H80=""),"ناقص",IF(NOT(ISNUMBER(I80)),"خطأ وحدة",IF(OR(J80<0,J80>100),"خطأ هدر","صالح"))))) -> صالح
A81: جاهز للاستيراد | B81: كابتشينو | C81: =IFERROR(VLOOKUP(B81,'مراجع الوصفات'!$A$2:$D$79,2,FALSE),"") | D81: حليب | E81: =IFERROR(VLOOKUP(D81,'مراجع الوصفات'!$F$2:$I$253,2,FALSE),"") -> ING-DAIRY-MILK | F81: 150 | G81: مل | H81: =IFERROR(VLOOKUP(D81,'مراجع الوصفات'!$F$2:$I$253,3,FALSE),"") -> لتر | I81: =IF(OR(F81="",G81="",H81=""),"",IF(G81=H81,F81,IF(AND(G81="غ",H81="كغ"),F81/1000,IF(AND(G81="كغ",H81="غ"),F81*1000,IF(AND(G81="مل",H81="لتر"),F81/1000,IF(AND(G81="لتر",H81="مل"),F81*1000,"خطأ وحدة")))))) -> 0.15 | J81: 0 | K81: نعم | L81: =IFERROR(VLOOKUP(D81,'مراجع الوصفات'!$F$2:$I$253,4,FALSE),"") -> 15000 | M81: =IF(OR(I81="",NOT(ISNUMBER(I81)),L81=""),"",I81*L81*(1+J81/100)) -> 2250 | O81: =IF(AND(B81="",D81="",F81=""),"",IF(A81="تجاهل","تجاهل",IF(OR(B81="",D81="",F81="",G81="",H81=""),"ناقص",IF(NOT(ISNUMBER(I81)),"خطأ وحدة",IF(OR(J81<0,J81>100),"خطأ هدر","صالح"))))) -> صالح
A82: جاهز للاستيراد | B82: لاتيه | C82: =IFERROR(VLOOKUP(B82,'مراجع الوصفات'!$A$2:$D$79,2,FALSE),"") | D82: بن إسبريسو | E82: =IFERROR(VLOOKUP(D82,'مراجع الوصفات'!$F$2:$I$253,2,FALSE),"") -> DRK-COF-ESPRESSO | F82: 18 | G82: غ | H82: =IFERROR(VLOOKUP(D82,'مراجع الوصفات'!$F$2:$I$253,3,FALSE),"") -> كغ | I82: =IF(OR(F82="",G82="",H82=""),"",IF(G82=H82,F82,IF(AND(G82="غ",H82="كغ"),F82/1000,IF(AND(G82="كغ",H82="غ"),F82*1000,IF(AND(G82="مل",H82="لتر"),F82/1000,IF(AND(G82="لتر",H82="مل"),F82*1000,"خطأ وحدة")))))) -> 0.018 | J82: 0 | K82: نعم | L82: =IFERROR(VLOOKUP(D82,'مراجع الوصفات'!$F$2:$I$253,4,FALSE),"") | M82: =IF(OR(I82="",NOT(ISNUMBER(I82)),L82=""),"",I82*L82*(1+J82/100)) | O82: =IF(AND(B82="",D82="",F82=""),"",IF(A82="تجاهل","تجاهل",IF(OR(B82="",D82="",F82="",G82="",H82=""),"ناقص",IF(NOT(ISNUMBER(I82)),"خطأ وحدة",IF(OR(J82<0,J82>100),"خطأ هدر","صالح"))))) -> صالح
A83: جاهز للاستيراد | B83: لاتيه | C83: =IFERROR(VLOOKUP(B83,'مراجع الوصفات'!$A$2:$D$79,2,FALSE),"") | D83: حليب | E83: =IFERROR(VLOOKUP(D83,'مراجع الوصفات'!$F$2:$I$253,2,FALSE),"") -> ING-DAIRY-MILK | F83: 220 | G83: مل | H83: =IFERROR(VLOOKUP(D83,'مراجع الوصفات'!$F$2:$I$253,3,FALSE),"") -> لتر | I83: =IF(OR(F83="",G83="",H83=""),"",IF(G83=H83,F83,IF(AND(G83="غ",H83="كغ"),F83/1000,IF(AND(G83="كغ",H83="غ"),F83*1000,IF(AND(G83="مل",H83="لتر"),F83/1000,IF(AND(G83="لتر",H83="مل"),F83*1000,"خطأ وحدة")))))) -> 0.22 | J83: 0 | K83: نعم | L83: =IFERROR(VLOOKUP(D83,'مراجع الوصفات'!$F$2:$I$253,4,FALSE),"") -> 15000 | M83: =IF(OR(I83="",NOT(ISNUMBER(I83)),L83=""),"",I83*L83*(1+J83/100)) -> 3300 | O83: =IF(AND(B83="",D83="",F83=""),"",IF(A83="تجاهل","تجاهل",IF(OR(B83="",D83="",F83="",G83="",H83=""),"ناقص",IF(NOT(ISNUMBER(I83)),"خطأ وحدة",IF(OR(J83<0,J83>100),"خطأ هدر","صالح"))))) -> صالح
A84: جاهز للاستيراد | B84: أمريكانو | C84: =IFERROR(VLOOKUP(B84,'مراجع الوصفات'!$A$2:$D$79,2,FALSE),"") | D84: بن إسبريسو | E84: =IFERROR(VLOOKUP(D84,'مراجع الوصفات'!$F$2:$I$253,2,FALSE),"") -> DRK-COF-ESPRESSO | F84: 18 | G84: غ | H84: =IFERROR(VLOOKUP(D84,'مراجع الوصفات'!$F$2:$I$253,3,FALSE),"") -> كغ | I84: =IF(OR(F84="",G84="",H84=""),"",IF(G84=H84,F84,IF(AND(G84="غ",H84="كغ"),F84/1000,IF(AND(G84="كغ",H84="غ"),F84*1000,IF(AND(G84="مل",H84="لتر"),F84/1000,IF(AND(G84="لتر",H84="مل"),F84*1000,"خطأ وحدة")))))) -> 0.018 | J84: 0 | K84: نعم | L84: =IFERROR(VLOOKUP(D84,'مراجع الوصفات'!$F$2:$I$253,4,FALSE),"") | M84: =IF(OR(I84="",NOT(ISNUMBER(I84)),L84=""),"",I84*L84*(1+J84/100)) | O84: =IF(AND(B84="",D84="",F84=""),"",IF(A84="تجاهل","تجاهل",IF(OR(B84="",D84="",F84="",G84="",H84=""),"ناقص",IF(NOT(ISNUMBER(I84)),"خطأ وحدة",IF(OR(J84<0,J84>100),"خطأ هدر","صالح"))))) -> صالح
A85: جاهز للاستيراد | B85: موكا | C85: =IFERROR(VLOOKUP(B85,'مراجع الوصفات'!$A$2:$D$79,2,FALSE),"") | D85: بن إسبريسو | E85: =IFERROR(VLOOKUP(D85,'مراجع الوصفات'!$F$2:$I$253,2,FALSE),"") -> DRK-COF-ESPRESSO | F85: 18 | G85: غ | H85: =IFERROR(VLOOKUP(D85,'مراجع الوصفات'!$F$2:$I$253,3,FALSE),"") -> كغ | I85: =IF(OR(F85="",G85="",H85=""),"",IF(G85=H85,F85,IF(AND(G85="غ",H85="كغ"),F85/1000,IF(AND(G85="كغ",H85="غ"),F85*1000,IF(AND(G85="مل",H85="لتر"),F85/1000,IF(AND(G85="لتر",H85="مل"),F85*1000,"خطأ وحدة")))))) -> 0.018 | J85: 0 | K85: نعم | L85: =IFERROR(VLOOKUP(D85,'مراجع الوصفات'!$F$2:$I$253,4,FALSE),"") | M85: =IF(OR(I85="",NOT(ISNUMBER(I85)),L85=""),"",I85*L85*(1+J85/100)) | O85: =IF(AND(B85="",D85="",F85=""),"",IF(A85="تجاهل","تجاهل",IF(OR(B85="",D85="",F85="",G85="",H85=""),"ناقص",IF(NOT(ISNUMBER(I85)),"خطأ وحدة",IF(OR(J85<0,J85>100),"خطأ هدر","صالح"))))) -> صالح
A86: جاهز للاستيراد | B86: موكا | C86: =IFERROR(VLOOKUP(B86,'مراجع الوصفات'!$A$2:$D$79,2,FALSE),"") | D86: حليب | E86: =IFERROR(VLOOKUP(D86,'مراجع الوصفات'!$F$2:$I$253,2,FALSE),"") -> ING-DAIRY-MILK | F86: 200 | G86: مل | H86: =IFERROR(VLOOKUP(D86,'مراجع الوصفات'!$F$2:$I$253,3,FALSE),"") -> لتر | I86: =IF(OR(F86="",G86="",H86=""),"",IF(G86=H86,F86,IF(AND(G86="غ",H86="كغ"),F86/1000,IF(AND(G86="كغ",H86="غ"),F86*1000,IF(AND(G86="مل",H86="لتر"),F86/1000,IF(AND(G86="لتر",H86="مل"),F86*1000,"خطأ وحدة")))))) -> 0.2 | J86: 0 | K86: نعم | L86: =IFERROR(VLOOKUP(D86,'مراجع الوصفات'!$F$2:$I$253,4,FALSE),"") -> 15000 | M86: =IF(OR(I86="",NOT(ISNUMBER(I86)),L86=""),"",I86*L86*(1+J86/100)) -> 3000 | O86: =IF(AND(B86="",D86="",F86=""),"",IF(A86="تجاهل","تجاهل",IF(OR(B86="",D86="",F86="",G86="",H86=""),"ناقص",IF(NOT(ISNUMBER(I86)),"خطأ وحدة",IF(OR(J86<0,J86>100),"خطأ هدر","صالح"))))) -> صالح
A87: جاهز للاستيراد | B87: موكا | C87: =IFERROR(VLOOKUP(B87,'مراجع الوصفات'!$A$2:$D$79,2,FALSE),"") | D87: صوص شوكولا | E87: =IFERROR(VLOOKUP(D87,'مراجع الوصفات'!$F$2:$I$253,2,FALSE),"") -> ING-SYRUP-CHOCOLATE | F87: 20 | G87: مل | H87: =IFERROR(VLOOKUP(D87,'مراجع الوصفات'!$F$2:$I$253,3,FALSE),"") -> لتر | I87: =IF(OR(F87="",G87="",H87=""),"",IF(G87=H87,F87,IF(AND(G87="غ",H87="كغ"),F87/1000,IF(AND(G87="كغ",H87="غ"),F87*1000,IF(AND(G87="مل",H87="لتر"),F87/1000,IF(AND(G87="لتر",H87="مل"),F87*1000,"خطأ وحدة")))))) -> 0.02 | J87: 0 | K87: نعم | L87: =IFERROR(VLOOKUP(D87,'مراجع الوصفات'!$F$2:$I$253,4,FALSE),"") | M87: =IF(OR(I87="",NOT(ISNUMBER(I87)),L87=""),"",I87*L87*(1+J87/100)) | O87: =IF(AND(B87="",D87="",F87=""),"",IF(A87="تجاهل","تجاهل",IF(OR(B87="",D87="",F87="",G87="",H87=""),"ناقص",IF(NOT(ISNUMBER(I87)),"خطأ وحدة",IF(OR(J87<0,J87>100),"خطأ هدر","صالح"))))) -> صالح
A88: جاهز للاستيراد | B88: قهوة سريعة التحضير | C88: =IFERROR(VLOOKUP(B88,'مراجع الوصفات'!$A$2:$D$79,2,FALSE),"") | D88: قهوة سريعة التحضير | E88: =IFERROR(VLOOKUP(D88,'مراجع الوصفات'!$F$2:$I$253,2,FALSE),"") -> DRK-COF-INSTANT | F88: 5 | G88: غ | H88: =IFERROR(VLOOKUP(D88,'مراجع الوصفات'!$F$2:$I$253,3,FALSE),"") -> كغ | I88: =IF(OR(F88="",G88="",H88=""),"",IF(G88=H88,F88,IF(AND(G88="غ",H88="كغ"),F88/1000,IF(AND(G88="كغ",H88="غ"),F88*1000,IF(AND(G88="مل",H88="لتر"),F88/1000,IF(AND(G88="لتر",H88="مل"),F88*1000,"خطأ وحدة")))))) -> 0.005 | J88: 0 | K88: نعم | L88: =IFERROR(VLOOKUP(D88,'مراجع الوصفات'!$F$2:$I$253,4,FALSE),"") | M88: =IF(OR(I88="",NOT(ISNUMBER(I88)),L88=""),"",I88*L88*(1+J88/100)) | O88: =IF(AND(B88="",D88="",F88=""),"",IF(A88="تجاهل","تجاهل",IF(OR(B88="",D88="",F88="",G88="",H88=""),"ناقص",IF(NOT(ISNUMBER(I88)),"خطأ وحدة",IF(OR(J88<0,J88>100),"خطأ هدر","صالح"))))) -> صالح
A89: جاهز للاستيراد | B89: قهوة مثلجة | C89: =IFERROR(VLOOKUP(B89,'مراجع الوصفات'!$A$2:$D$79,2,FALSE),"") | D89: بن إسبريسو | E89: =IFERROR(VLOOKUP(D89,'مراجع الوصفات'!$F$2:$I$253,2,FALSE),"") -> DRK-COF-ESPRESSO | F89: 18 | G89: غ | H89: =IFERROR(VLOOKUP(D89,'مراجع الوصفات'!$F$2:$I$253,3,FALSE),"") -> كغ | I89: =IF(OR(F89="",G89="",H89=""),"",IF(G89=H89,F89,IF(AND(G89="غ",H89="كغ"),F89/1000,IF(AND(G89="كغ",H89="غ"),F89*1000,IF(AND(G89="مل",H89="لتر"),F89/1000,IF(AND(G89="لتر",H89="مل"),F89*1000,"خطأ وحدة")))))) -> 0.018 | J89: 0 | K89: نعم | L89: =IFERROR(VLOOKUP(D89,'مراجع الوصفات'!$F$2:$I$253,4,FALSE),"") | M89: =IF(OR(I89="",NOT(ISNUMBER(I89)),L89=""),"",I89*L89*(1+J89/100)) | O89: =IF(AND(B89="",D89="",F89=""),"",IF(A89="تجاهل","تجاهل",IF(OR(B89="",D89="",F89="",G89="",H89=""),"ناقص",IF(NOT(ISNUMBER(I89)),"خطأ وحدة",IF(OR(J89<0,J89>100),"خطأ هدر","صالح"))))) -> صالح
A90: جاهز للاستيراد | B90: قهوة مثلجة | C90: =IFERROR(VLOOKUP(B90,'مراجع الوصفات'!$A$2:$D$79,2,FALSE),"") | D90: ثلج | E90: =IFERROR(VLOOKUP(D90,'مراجع الوصفات'!$F$2:$I$253,2,FALSE),"") -> DRK-ICE | F90: 150 | G90: غ | H90: =IFERROR(VLOOKUP(D90,'مراجع الوصفات'!$F$2:$I$253,3,FALSE),"") -> كغ | I90: =IF(OR(F90="",G90="",H90=""),"",IF(G90=H90,F90,IF(AND(G90="غ",H90="كغ"),F90/1000,IF(AND(G90="كغ",H90="غ"),F90*1000,IF(AND(G90="مل",H90="لتر"),F90/1000,IF(AND(G90="لتر",H90="مل"),F90*1000,"خطأ وحدة")))))) -> 0.15 | J90: 0 | K90: نعم | L90: =IFERROR(VLOOKUP(D90,'مراجع الوصفات'!$F$2:$I$253,4,FALSE),"") -> 4000 | M90: =IF(OR(I90="",NOT(ISNUMBER(I90)),L90=""),"",I90*L90*(1+J90/100)) -> 600 | O90: =IF(AND(B90="",D90="",F90=""),"",IF(A90="تجاهل","تجاهل",IF(OR(B90="",D90="",F90="",G90="",H90=""),"ناقص",IF(NOT(ISNUMBER(I90)),"خطأ وحدة",IF(OR(J90<0,J90>100),"خطأ هدر","صالح"))))) -> صالح
A91: جاهز للاستيراد | B91: آيس لاتيه | C91: =IFERROR(VLOOKUP(B91,'مراجع الوصفات'!$A$2:$D$79,2,FALSE),"") | D91: بن إسبريسو | E91: =IFERROR(VLOOKUP(D91,'مراجع الوصفات'!$F$2:$I$253,2,FALSE),"") -> DRK-COF-ESPRESSO | F91: 18 | G91: غ | H91: =IFERROR(VLOOKUP(D91,'مراجع الوصفات'!$F$2:$I$253,3,FALSE),"") -> كغ | I91: =IF(OR(F91="",G91="",H91=""),"",IF(G91=H91,F91,IF(AND(G91="غ",H91="كغ"),F91/1000,IF(AND(G91="كغ",H91="غ"),F91*1000,IF(AND(G91="مل",H91="لتر"),F91/1000,IF(AND(G91="لتر",H91="مل"),F91*1000,"خطأ وحدة")))))) -> 0.018 | J91: 0 | K91: نعم | L91: =IFERROR(VLOOKUP(D91,'مراجع الوصفات'!$F$2:$I$253,4,FALSE),"") | M91: =IF(OR(I91="",NOT(ISNUMBER(I91)),L91=""),"",I91*L91*(1+J91/100)) | O91: =IF(AND(B91="",D91="",F91=""),"",IF(A91="تجاهل","تجاهل",IF(OR(B91="",D91="",F91="",G91="",H91=""),"ناقص",IF(NOT(ISNUMBER(I91)),"خطأ وحدة",IF(OR(J91<0,J91>100),"خطأ هدر","صالح"))))) -> صالح
... A110: جاهز للاستيراد | B110: ميلك شيك | C110: =IFERROR(VLOOKUP(B110,'مراجع الوصفات'!$A$2:$D$79,2,FALSE),"") | D110: سيروب فانيلا | E110: =IFERROR(VLOOKUP(D110,'مراجع الوصفات'!$F$2:$I$253,2,FALSE),"") -> ING-SYRUP-VANILLA | F110: 20 | G110: مل | H110: =IFERROR(VLOOKUP(D110,'مراجع الوصفات'!$F$2:$I$253,3,FALSE),"") -> لتر | I110: =IF(OR(F110="",G110="",H110=""),"",IF(G110=H110,F110,IF(AND(G110="غ",H110="كغ"),F110/1000,IF(AND(G110="كغ",H110="غ"),F110*1000,IF(AND(G110="مل",H110="لتر"),F110/1000,IF(AND(G110="لتر",H110="مل"),F110*1000,"خطأ وحدة")))))) -> 0.02 | J110: 0 | K110: نعم | L110: =IFERROR(VLOOKUP(D110,'مراجع الوصفات'!$F$2:$I$253,4,FALSE),"") | M110: =IF(OR(I110="",NOT(ISNUMBER(I110)),L110=""),"",I110*L110*(1+J110/100)) | O110: =IF(AND(B110="",D110="",F110=""),"",IF(A110="تجاهل","تجاهل",IF(OR(B110="",D110="",F110="",G110="",H110=""),"ناقص",IF(NOT(ISNUMBER(I110)),"خطأ وحدة",IF(OR(J110<0,J110>100),"خطأ هدر","صالح"))))) -> صالح
A111: جاهز للاستيراد | B111: سموذي | C111: =IFERROR(VLOOKUP(B111,'مراجع الوصفات'!$A$2:$D$79,2,FALSE),"") | D111: موز | E111: =IFERROR(VLOOKUP(D111,'مراجع الوصفات'!$F$2:$I$253,2,FALSE),"") -> ING-FRT-BANANA | F111: 150 | G111: غ | H111: =IFERROR(VLOOKUP(D111,'مراجع الوصفات'!$F$2:$I$253,3,FALSE),"") -> كغ | I111: =IF(OR(F111="",G111="",H111=""),"",IF(G111=H111,F111,IF(AND(G111="غ",H111="كغ"),F111/1000,IF(AND(G111="كغ",H111="غ"),F111*1000,IF(AND(G111="مل",H111="لتر"),F111/1000,IF(AND(G111="لتر",H111="مل"),F111*1000,"خطأ وحدة")))))) -> 0.15 | J111: 0 | K111: نعم | L111: =IFERROR(VLOOKUP(D111,'مراجع الوصفات'!$F$2:$I$253,4,FALSE),"") | M111: =IF(OR(I111="",NOT(ISNUMBER(I111)),L111=""),"",I111*L111*(1+J111/100)) | N111: وصفة مرجعية بالموز؛ غيّر الفاكهة حسب النكهة. | O111: =IF(AND(B111="",D111="",F111=""),"",IF(A111="تجاهل","تجاهل",IF(OR(B111="",D111="",F111="",G111="",H111=""),"ناقص",IF(NOT(ISNUMBER(I111)),"خطأ وحدة",IF(OR(J111<0,J111>100),"خطأ هدر","صالح"))))) -> صالح
A112: جاهز للاستيراد | B112: سموذي | C112: =IFERROR(VLOOKUP(B112,'مراجع الوصفات'!$A$2:$D$79,2,FALSE),"") | D112: لبن مبستر | E112: =IFERROR(VLOOKUP(D112,'مراجع الوصفات'!$F$2:$I$253,2,FALSE),"") -> ING-DAIRY-YOGURT-PAST | F112: 100 | G112: غ | H112: =IFERROR(VLOOKUP(D112,'مراجع الوصفات'!$F$2:$I$253,3,FALSE),"") -> كغ | I112: =IF(OR(F112="",G112="",H112=""),"",IF(G112=H112,F112,IF(AND(G112="غ",H112="كغ"),F112/1000,IF(AND(G112="كغ",H112="غ"),F112*1000,IF(AND(G112="مل",H112="لتر"),F112/1000,IF(AND(G112="لتر",H112="مل"),F112*1000,"خطأ وحدة")))))) -> 0.1 | J112: 0 | K112: نعم | L112: =IFERROR(VLOOKUP(D112,'مراجع الوصفات'!$F$2:$I$253,4,FALSE),"") -> 15000 | M112: =IF(OR(I112="",NOT(ISNUMBER(I112)),L112=""),"",I112*L112*(1+J112/100)) -> 1500 | O112: =IF(AND(B112="",D112="",F112=""),"",IF(A112="تجاهل","تجاهل",IF(OR(B112="",D112="",F112="",G112="",H112=""),"ناقص",IF(NOT(ISNUMBER(I112)),"خطأ وحدة",IF(OR(J112<0,J112>100),"خطأ هدر","صالح"))))) -> صالح
A113: جاهز للاستيراد | B113: سموذي | C113: =IFERROR(VLOOKUP(B113,'مراجع الوصفات'!$A$2:$D$79,2,FALSE),"") | D113: ثلج | E113: =IFERROR(VLOOKUP(D113,'مراجع الوصفات'!$F$2:$I$253,2,FALSE),"") -> DRK-ICE | F113: 100 | G113: غ | H113: =IFERROR(VLOOKUP(D113,'مراجع الوصفات'!$F$2:$I$253,3,FALSE),"") -> كغ | I113: =IF(OR(F113="",G113="",H113=""),"",IF(G113=H113,F113,IF(AND(G113="غ",H113="كغ"),F113/1000,IF(AND(G113="كغ",H113="غ"),F113*1000,IF(AND(G113="مل",H113="لتر"),F113/1000,IF(AND(G113="لتر",H113="مل"),F113*1000,"خطأ وحدة")))))) -> 0.1 | J113: 0 | K113: نعم | L113: =IFERROR(VLOOKUP(D113,'مراجع الوصفات'!$F$2:$I$253,4,FALSE),"") -> 4000 | M113: =IF(OR(I113="",NOT(ISNUMBER(I113)),L113=""),"",I113*L113*(1+J113/100)) -> 400 | O113: =IF(AND(B113="",D113="",F113=""),"",IF(A113="تجاهل","تجاهل",IF(OR(B113="",D113="",F113="",G113="",H113=""),"ناقص",IF(NOT(ISNUMBER(I113)),"خطأ وحدة",IF(OR(J113<0,J113>100),"خطأ هدر","صالح"))))) -> صالح
A114: جاهز للاستيراد | B114: كوكتيل فودكا | C114: =IFERROR(VLOOKUP(B114,'مراجع الوصفات'!$A$2:$D$79,2,FALSE),"") | D114: فودكا سميرنوف | E114: =IFERROR(VLOOKUP(D114,'مراجع الوصفات'!$F$2:$I$253,2,FALSE),"") -> DRK-ALC-VODKA-SMIRNOFF | F114: 50 | G114: مل | H114: =IFERROR(VLOOKUP(D114,'مراجع الوصفات'!$F$2:$I$253,3,FALSE),"") -> لتر | I114: =IF(OR(F114="",G114="",H114=""),"",IF(G114=H114,F114,IF(AND(G114="غ",H114="كغ"),F114/1000,IF(AND(G114="كغ",H114="غ"),F114*1000,IF(AND(G114="مل",H114="لتر"),F114/1000,IF(AND(G114="لتر",H114="مل"),F114*1000,"خطأ وحدة")))))) -> 0.05 | J114: 0 | K114: نعم | L114: =IFERROR(VLOOKUP(D114,'مراجع الوصفات'!$F$2:$I$253,4,FALSE),"") -> 50000 | M114: =IF(OR(I114="",NOT(ISNUMBER(I114)),L114=""),"",I114*L114*(1+J114/100)) -> 2500 | O114: =IF(AND(B114="",D114="",F114=""),"",IF(A114="تجاهل","تجاهل",IF(OR(B114="",D114="",F114="",G114="",H114=""),"ناقص",IF(NOT(ISNUMBER(I114)),"خطأ وحدة",IF(OR(J114<0,J114>100),"خطأ هدر","صالح"))))) -> صالح
A115: جاهز للاستيراد | B115: كوكتيل فودكا | C115: =IFERROR(VLOOKUP(B115,'مراجع الوصفات'!$A$2:$D$79,2,FALSE),"") | D115: عصير تفاح | E115: =IFERROR(VLOOKUP(D115,'مراجع الوصفات'!$F$2:$I$253,2,FALSE),"") -> DRK-JUICE-APPLE | F115: 150 | G115: مل | H115: =IFERROR(VLOOKUP(D115,'مراجع الوصفات'!$F$2:$I$253,3,FALSE),"") -> لتر | I115: =IF(OR(F115="",G115="",H115=""),"",IF(G115=H115,F115,IF(AND(G115="غ",H115="كغ"),F115/1000,IF(AND(G115="كغ",H115="غ"),F115*1000,IF(AND(G115="مل",H115="لتر"),F115/1000,IF(AND(G115="لتر",H115="مل"),F115*1000,"خطأ وحدة")))))) -> 0.15 | J115: 0 | K115: نعم | L115: =IFERROR(VLOOKUP(D115,'مراجع الوصفات'!$F$2:$I$253,4,FALSE),"") | M115: =IF(OR(I115="",NOT(ISNUMBER(I115)),L115=""),"",I115*L115*(1+J115/100)) | O115: =IF(AND(B115="",D115="",F115=""),"",IF(A115="تجاهل","تجاهل",IF(OR(B115="",D115="",F115="",G115="",H115=""),"ناقص",IF(NOT(ISNUMBER(I115)),"خطأ وحدة",IF(OR(J115<0,J115>100),"خطأ هدر","صالح"))))) -> صالح
A116: جاهز للاستيراد | B116: كوكتيل فودكا | C116: =IFERROR(VLOOKUP(B116,'مراجع الوصفات'!$A$2:$D$79,2,FALSE),"") | D116: ثلج | E116: =IFERROR(VLOOKUP(D116,'مراجع الوصفات'!$F$2:$I$253,2,FALSE),"") -> DRK-ICE | F116: 150 | G116: غ | H116: =IFERROR(VLOOKUP(D116,'مراجع الوصفات'!$F$2:$I$253,3,FALSE),"") -> كغ | I116: =IF(OR(F116="",G116="",H116=""),"",IF(G116=H116,F116,IF(AND(G116="غ",H116="كغ"),F116/1000,IF(AND(G116="كغ",H116="غ"),F116*1000,IF(AND(G116="مل",H116="لتر"),F116/1000,IF(AND(G116="لتر",H116="مل"),F116*1000,"خطأ وحدة")))))) -> 0.15 | J116: 0 | K116: نعم | L116: =IFERROR(VLOOKUP(D116,'مراجع الوصفات'!$F$2:$I$253,4,FALSE),"") -> 4000 | M116: =IF(OR(I116="",NOT(ISNUMBER(I116)),L116=""),"",I116*L116*(1+J116/100)) -> 600 | O116: =IF(AND(B116="",D116="",F116=""),"",IF(A116="تجاهل","تجاهل",IF(OR(B116="",D116="",F116="",G116="",H116=""),"ناقص",IF(NOT(ISNUMBER(I116)),"خطأ وحدة",IF(OR(J116<0,J116>100),"خطأ هدر","صالح"))))) -> صالح
A117: جاهز للاستيراد | B117: موهيتو | C117: =IFERROR(VLOOKUP(B117,'مراجع الوصفات'!$A$2:$D$79,2,FALSE),"") | D117: روم أبيض | E117: =IFERROR(VLOOKUP(D117,'مراجع الوصفات'!$F$2:$I$253,2,FALSE),"") -> DRK-ALC-RUM-WHITE | F117: 50 | G117: مل | H117: =IFERROR(VLOOKUP(D117,'مراجع الوصفات'!$F$2:$I$253,3,FALSE),"") -> لتر | I117: =IF(OR(F117="",G117="",H117=""),"",IF(G117=H117,F117,IF(AND(G117="غ",H117="كغ"),F117/1000,IF(AND(G117="كغ",H117="غ"),F117*1000,IF(AND(G117="مل",H117="لتر"),F117/1000,IF(AND(G117="لتر",H117="مل"),F117*1000,"خطأ وحدة")))))) -> 0.05 | J117: 0 | K117: نعم | L117: =IFERROR(VLOOKUP(D117,'مراجع الوصفات'!$F$2:$I$253,4,FALSE),"") | M117: =IF(OR(I117="",NOT(ISNUMBER(I117)),L117=""),"",I117*L117*(1+J117/100)) | O117: =IF(AND(B117="",D117="",F117=""),"",IF(A117="تجاهل","تجاهل",IF(OR(B117="",D117="",F117="",G117="",H117=""),"ناقص",IF(NOT(ISNUMBER(I117)),"خطأ وحدة",IF(OR(J117<0,J117>100),"خطأ هدر","صالح"))))) -> صالح
A118: جاهز للاستيراد | B118: موهيتو | C118: =IFERROR(VLOOKUP(B118,'مراجع الوصفات'!$A$2:$D$79,2,FALSE),"") | D118: ليمون | E118: =IFERROR(VLOOKUP(D118,'مراجع الوصفات'!$F$2:$I$253,2,FALSE),"") -> ING-FRT-LEMON | F118: 40 | G118: غ | H118: =IFERROR(VLOOKUP(D118,'مراجع الوصفات'!$F$2:$I$253,3,FALSE),"") -> كغ | I118: =IF(OR(F118="",G118="",H118=""),"",IF(G118=H118,F118,IF(AND(G118="غ",H118="كغ"),F118/1000,IF(AND(G118="كغ",H118="غ"),F118*1000,IF(AND(G118="مل",H118="لتر"),F118/1000,IF(AND(G118="لتر",H118="مل"),F118*1000,"خطأ وحدة")))))) -> 0.04 | J118: 0 | K118: نعم | L118: =IFERROR(VLOOKUP(D118,'مراجع الوصفات'!$F$2:$I$253,4,FALSE),"") -> 30000 | M118: =IF(OR(I118="",NOT(ISNUMBER(I118)),L118=""),"",I118*L118*(1+J118/100)) -> 1200 | O118: =IF(AND(B118="",D118="",F118=""),"",IF(A118="تجاهل","تجاهل",IF(OR(B118="",D118="",F118="",G118="",H118=""),"ناقص",IF(NOT(ISNUMBER(I118)),"خطأ وحدة",IF(OR(J118<0,J118>100),"خطأ هدر","صالح"))))) -> صالح
...

Sheet قائمة المنتجات
A1: اسم المنتج | B1: مفتاح المنتج | C1: الفئة | D1: السعر ل.س | E1: المصدر/ملاحظة
A2: قطعة كيش اليوم | B2: daily_quiche_slice | C2: الكيش | D2: 20000 | E2: Seeded Masharib menu
A3: صينية كيش كاملة | B3: whole_quiche_tray | C3: الكيش | D3: 130000 | E3: Seeded Masharib menu
A4: كومبو الصباح | B4: morning_combo | C4: كومبو الصباح | D4: 50000 | E4: Seeded Masharib menu
A5: مازا صغيرة | B5: small_mezza | C5: المازة | D5: 8000 | E5: Seeded Masharib menu
A6: مازا مفردة | B6: single_mezza | C6: المازة | D6: 10000 | E6: Seeded Masharib menu
A7: طبق 3 مازات | B7: three_mezza_plate | C7: المازة | D7: 25000 | E7: Seeded Masharib menu
A8: طبق 5 مازات | B8: five_mezza_plate | C8: المازة | D8: 40000 | E8: Seeded Masharib menu
A9: شاي عادي | B9: regular_tea | C9: مشروبات ساخنة | D9: 4000 | E9: Seeded Masharib menu
A10: شاي مع نعنع | B10: mint_tea | C10: مشروبات ساخنة | D10: 5000 | E10: Seeded Masharib menu
A11: شاي مع ميرمية | B11: sage_tea | C11: مشروبات ساخنة | D11: 5000 | E11: Seeded Masharib menu
A12: شاي إيرل غراي | B12: earl_grey_tea | C12: مشروبات ساخنة | D12: 6000 | E12: Seeded Masharib menu
A13: شاي فواكه / منكه | B13: fruit_flavored_tea | C13: مشروبات ساخنة | D13: 7000 | E13: Seeded Masharib menu
... A42: لتر عرق + طبق 4 مازات | B42: arak_liter_four_mezza | C42: مناسبات فقط | D42: 155000 | E42: Seeded Masharib menu
A43: لبنة وأعشاب | C43: سندويشات هَب | E43: Project product; match by exact Arabic name
A44: زيت وزعتر | C44: سندويشات هَب | E44: Project product; match by exact Arabic name
A45: محمّرة | C45: سندويشات هَب | E45: Project product; match by exact Arabic name
A46: الجبنة البلدية | C46: سندويشات هَب | E46: Project product; match by exact Arabic name
A47: شلل مشوية | C47: سندويشات هَب | E47: Project product; missing inventory item
A48: قشقوان محمصة | C48: سندويشات هَب | E48: Project product; missing inventory item
A49: بيض وجبنة | C49: سندويشات هَب | E49: Project product; match by exact Arabic name
A50: مرتديلا هَب | C50: سندويشات هَب | E50: Project product; missing inventory item
A51: حبش مدخن | C51: سندويشات هَب | E51: Project product; missing inventory item
A52: تونة متوسطية | C52: سندويشات هَب | E52: Project product; missing inventory item
A53: دجاج وثوم | C53: سندويشات هَب | E53: Project product; match by exact Arabic name
A54: دجاج حار | C54: سندويشات هَب | E54: Project product; match by exact Arabic name
... A79: شوت زيتونة وتاباسكو | C79: مشروبات كحولية | E79: Project product; match by exact Arabic name

Sheet دليل الوصفات
A1: دليل تعبئة واستيراد وصفات المنتجات
A3: الفكرة | B3: سطر واحد لكل مادة مخزون داخل كل منتج. اختر المنتج والمادة من القوائم، وأدخل الكمية بوحدة سهلة مثل غ أو مل؛ يحوّل الملف الكمية تلقائياً إلى وحدة المخزون.
A4: حالة الاستيراد | B4: لن يُستورد إلا السطر الذي حالته «جاهز للاستيراد» وتحققه «صالح». الوصفات المبدئية في الملف موسومة غالباً «بحاجة مراجعة» لحمايتك من إدخال تقديرات غير مؤكدة.
A5: مفتاح المنتج | B5: يُجلب تلقائياً للمنتجات المزروعة في النظام. عند غيابه، يجب أن يطابق المستورد المنتج بالاسم العربي المطابق تماماً وبشرط أن يكون فريداً.
A6: الكمية المدخلة | B6: اكتب الكمية لكل وحدة مباعة من المنتج، لا كمية الدفعة الكاملة.
A7: التحويل التلقائي | B7: الملف يحوّل فقط غ↔كغ ومل↔لتر. القطعة/العبوة/الزجاجة/الحصة يجب أن تطابق وحدة المخزون نفسها.
A8: نسبة الهدر | B8: تؤثر في حساب الكلفة فقط حالياً؛ خصم المخزون في الكود الحالي يستخدم الكمية الأساسية دون إضافة الهدر. لذلك لا تعتمد على نسبة الهدر لزيادة الخصم الفعلي.
A9: الماء | B9: لا تضف الماء ما لم ترغب فعلياً بتتبعه كمادة مخزون.
A10: التغليف | B10: لا تضف تغليف السفري إلى الوصفة الأساسية عندما يُستخدم فقط لبعض الطلبات؛ الوصفة تُخصم لكل عملية بيع بغض النظر عن داخل المكان أو سفري.
A11: الخيارات | B11: المنتجات التي تتغير بالكامل حسب خيار مثل نوع المازا أو ترقية المشروب لا يدعم نموذج الوصفة الحالي وصفة مختلفة لكل خيار. الأفضل إنشاء المنتجات كعناصر مستقلة أو إضافة نموذج وصفات للخيارات.
A12: التكرار | B12: يجب ألا يتكرر نفس المنتج + مادة المخزون + وحدة القياس؛ قاعدة البيانات تمنع التكرار.
A13: الكلفة | B13: كلفة السطر = الكمية الموحّدة × كلفة وحدة المخزون × (1 + الهدر%). تبقى فارغة عندما لا توجد كلفة للمادة.
A14: الاستيراد المقترح | B14: استخدم product key إن وجد، وإلا الاسم العربي الفريد. استخدم كود مادة المخزون دائماً. اقرأ الكمية الموحّدة ووحدة المخزون، وليس الكمية المدخلة مباشرة.
... A20: قائمة منتجات مشاريب المزروعة | B20: https://github.com/Maximad/hub/blob/main/core/management/commands/seed_masharib_menu.py

Sheet مواد ناقصة للوصفات
A1: المادة الناقصة | B1: سبب الإضافة | C1: الوحدة المقترحة | D1: المنتجات المرتبطة | E1: ملاحظة
A2: جبنة قشقوان | B2: مكوّن مباشر غير موجود في قائمة المخزون | C2: كغ | D2: قشقوان محمصة | E2: أضفها قبل استيراد الوصفة.
A3: جبنة شلل / مشللة | B3: مكوّن مباشر غير موجود في قائمة المخزون | C3: كغ | D3: شلل مشوية | E3: استخدم الاسم المحلي النهائي المعتمد.
A4: مرتديلا | B4: مكوّن مباشر غير موجود في قائمة المخزون | C4: كغ | D4: مرتديلا هَب
A5: حبش مدخن | B5: مكوّن مباشر غير موجود في قائمة المخزون | C5: كغ | D5: حبش مدخن
A6: تونة معلبة | B6: مكوّن مباشر غير موجود في قائمة المخزون | C6: كغ أو عبوة | D6: تونة متوسطية | E6: يفضل كغ إن كانت الكلفة والخصم بالوزن.
A7: ثومية / صوص ثوم | B7: أفضل من تركيب الصوص من اللبنة والثوم في كل وصفة | C7: كغ | D7: دجاج وثوم، سندويشات أخرى | E7: يمكن إنتاجها كدفعة تحضير ومادة مخزون ناتجة.
A8: مايونيز بالوزن | B8: الوحدة الحالية عبوة تجعل الحصة كسر عبوة غير واضح | C8: كغ | D8: دجاج حار، سندويشات | E8: إما تغيير وحدة مادة المايونيز أو إنشاء مادة جديدة بوحدة كغ.
A9: مخلل بالوزن | B9: الوحدة الحالية عبوة تجعل الحصة كسر عبوة غير واضح | C9: كغ | D9: السندويشات والمازات | E9: يفضل مادة منفصلة بالوزن للخصم الدقيق.

Sheet مراجع الوصفات
A1: اسم المنتج | B1: مفتاح المنتج | C1: الفئة | D1: السعر | F1: مادة المخزون | G1: كود المخزون | H1: وحدة المخزون | I1: كلفة الوحدة
A2: قطعة كيش اليوم | B2: daily_quiche_slice | C2: الكيش | D2: 20000 | F2: بطاطا | G2: ING-VEG-POTATO | H2: كغ | I2: 7000
A3: صينية كيش كاملة | B3: whole_quiche_tray | C3: الكيش | D3: 130000 | F3: بصل | G3: ING-VEG-ONION | H3: كغ | I3: 12000
A4: كومبو الصباح | B4: morning_combo | C4: كومبو الصباح | D4: 50000 | F4: كوسا | G4: ING-VEG-ZUCCHINI | H4: كغ | I4: 8000
A5: مازا صغيرة | B5: small_mezza | C5: المازة | D5: 8000 | F5: ليمون | G5: ING-FRT-LEMON | H5: كغ | I5: 30000
A6: مازا مفردة | B6: single_mezza | C6: المازة | D6: 10000 | F6: بندورة | G6: ING-VEG-TOMATO | H6: كغ | I6: 9000
A7: طبق 3 مازات | B7: three_mezza_plate | C7: المازة | D7: 25000 | F7: فاصوليا خضراء | G7: ING-VEG-GREENBEAN | H7: كغ | I7: 15500
A8: طبق 5 مازات | B8: five_mezza_plate | C8: المازة | D8: 40000 | F8: فجل | G8: ING-VEG-RADISH | H8: عبوة | I8: 2000
A9: شاي عادي | B9: regular_tea | C9: مشروبات ساخنة | D9: 4000 | F9: باذنجان | G9: ING-VEG-EGGPLANT | H9: كغ | I9: 5000
A10: شاي مع نعنع | B10: mint_tea | C10: مشروبات ساخنة | D10: 5000 | F10: فليفلة حارة | G10: ING-VEG-HOTPEPPER | H10: كغ | I10: 10000
A11: شاي مع ميرمية | B11: sage_tea | C11: مشروبات ساخنة | D11: 5000 | F11: فليفلة حلوة | G11: ING-VEG-BELLPEPPER | H11: كغ | I11: 9000
A12: شاي إيرل غراي | B12: earl_grey_tea | C12: مشروبات ساخنة | D12: 6000 | F12: خيار / بعجور | G12: ING-VEG-CUCUMBER | H12: كغ | I12: 5000
A13: شاي فواكه / منكه | B13: fruit_flavored_tea | C13: مشروبات ساخنة | D13: 7000 | F13: بازيلا خضراء | G13: ING-VEG-GREENPEAS | H13: كغ | I13: 8000
... A17: ماتشا بالماء | B17: matcha_water | C17: مشروبات ساخنة | D17: 14000 | F17: جزر | G17: ING-VEG-CARROT | H17: كغ | I17: 9000
A18: ماتشا لاتيه ساخن | B18: hot_matcha_latte | C18: مشروبات ساخنة | D18: 20000 | F18: شمندر | G18: ING-VEG-BEET | H18: كغ
A19: كولا / سفن أب — كاسة | B19: cola_7up_glass | C19: مشروبات باردة | D19: 6000 | F19: سبانخ | G19: ING-VEG-SPINACH | H19: كغ
A20: مشروب معلب / غازي | B20: canned_fizzy_drink | C20: مشروبات باردة | D20: 9000 | F20: كرفس | G20: ING-HERB-CELERY | H20: عبوة
A21: عصير كاسة | B21: juice_glass | C21: مشروبات باردة | D21: 8000 | F21: بصل أخضر | G21: ING-HERB-SPRINGONION | H21: عبوة
A22: عصير كبير | B22: large_juice | C22: مشروبات باردة | D22: 12000 | F22: ثوم طازج | G22: ING-VEG-GARLIC | H22: كغ | I22: 8000
A23: شنينة / لبن بارد | B23: cold_yogurt_drink | C23: مشروبات باردة | D23: 10000 | F23: فطر طازج | G23: ING-VEG-MUSHROOM | H23: كغ
A24: دبس وليمون | B24: dibs_lemon | C24: مشروبات باردة | D24: 12000 | F24: ذرة حلوة | G24: ING-VEG-SWEETCORN | H24: كغ
A25: جلاب الكرمة | B25: karma_jallab | C25: مشروبات باردة | D25: 15000 | F25: عرانيس ذرة | G25: ING-VEG-CORNCOB | H25: قطعة
A26: آيس ماتشا لاتيه | B26: iced_matcha_latte | C26: مشروبات باردة | D26: 24000 | F26: ورق عنب | G26: ING-VEG-GRAPELEAF | H26: كغ
A27: ماتشا سبيشال | B27: matcha_special | C27: مشروبات باردة | D27: 28000 | F27: نعنع طازج | G27: ING-HERB-MINT | H27: عبوة | I27: 1500
A28: كاسة الواجب — متّة مشاريب | B28: wajib_cup_mate | C28: مشروبات توقيع | D28: 12000 | F28: بقدونس | G28: ING-HERB-PARSLEY | H28: عبوة | I28: 1500
A29: متّة طاولة | B29: table_mate | C29: مشروبات توقيع | D29: 25000 | F29: كزبرة خضراء | G29: ING-HERB-CILANTRO | H29: عبوة
A30: زهرات البازلت | B30: basalt_zhourat | C30: مشروبات توقيع | D30: 8000 | F30: حبق / ريحان | G30: ING-HERB-BASIL | H30: عبوة
A31: شاي تفاح وميرمية | B31: apple_sage_tea | C31: مشروبات توقيع | D31: 10000 | F31: زعتر بري طازج | G31: ING-HERB-WILDTHYME | H31: عبوة | I31: 3000
A32: صينية كيش + طبق 5 مازات | B32: quiche_five_mezza_tray | C32: صواني وطلبات طاولة | D32: 160000 | F32: ترخون | G32: ING-HERB-TARRAGON | H32: عبوة | I32: 3000
A33: صينية كيش + طبق 7 مازات | B33: quiche_seven_mezza_tray | C33: صواني وطلبات طاولة | D33: 175000 | F33: شبت | G33: ING-HERB-DILL | H33: عبوة
A34: طبق 7 مازات كبير | B34: large_seven_mezza_plate | C34: صواني وطلبات طاولة | D34: 55000 | F34: تفاح | G34: ING-FRT-APPLE | H34: كغ
A35: عرق الريان — كأس | B35: rayan_arak_glass | C35: مناسبات فقط | D35: 12000 | F35: بطيخ أحمر | G35: ING-FRT-WATERMELON | H35: كغ
A36: عرق الريان — كاراف صغير | B36: rayan_arak_small_carafe | C36: مناسبات فقط | D36: 45000 | F36: رمان | G36: ING-FRT-POMEGRANATE | H36: كغ
A37: عرق الريان — لتر طاولة | B37: rayan_arak_table_liter | C37: مناسبات فقط | D37: 120000 | F37: برتقال | G37: ING-FRT-ORANGE | H37: كغ
A38: بيرة خفيفة | B38: light_beer | C38: مناسبات فقط | D38: 45000 | F38: موز | G38: ING-FRT-BANANA | H38: كغ
A39: بيرة ثقيلة | B39: strong_beer | C39: مناسبات فقط | D39: 50000 | F39: فريز | G39: ING-FRT-STRAWBERRY | H39: كغ
A40: كأس عرق + مازتين | B40: arak_glass_two_mezza | C40: مناسبات فقط | D40: 32000 | F40: مشمش | G40: ING-FRT-APRICOT | H40: كغ
A41: كاراف عرق صغير + 3 مازات | B41: small_arak_carafe_three_mezza | C41: مناسبات فقط | D41: 70000 | F41: تين | G41: ING-FRT-FIG | H41: كغ
A42: لتر عرق + طبق 4 مازات | B42: arak_liter_four_mezza | C42: مناسبات فقط | D42: 155000 | F42: عنب | G42: ING-FRT-GRAPES | H42: كغ
A43: لبنة وأعشاب | C43: سندويشات هَب | F43: لبن مبستر | G43: ING-DAIRY-YOGURT-PAST | H43: كغ | I43: 15000
A44: زيت وزعتر | C44: سندويشات هَب | F44: لبن بلدي | G44: ING-DAIRY-YOGURT-LOCAL | H44: عبوة | I44: 10000
A45: محمّرة | C45: سندويشات هَب | F45: حليب | G45: ING-DAIRY-MILK | H45: لتر | I45: 15000
A46: الجبنة البلدية | C46: سندويشات هَب | F46: كريمة طبخ | G46: ING-DAIRY-COOKCREAM | H46: لتر
A47: شلل مشوية | C47: سندويشات هَب | F47: كريمة خفق | G47: ING-DAIRY-WHIPCREAM | H47: لتر
A48: قشقوان محمصة | C48: سندويشات هَب | F48: زبدة | G48: ING-DAIRY-BUTTER | H48: كغ
A49: بيض وجبنة | C49: سندويشات هَب | F49: سمنة | G49: ING-DAIRY-GHEE | H49: كغ
A50: مرتديلا هَب | C50: سندويشات هَب | F50: بيض | G50: ING-DAIRY-EGG | H50: قطعة | I50: 1500
A51: حبش مدخن | C51: سندويشات هَب | F51: جبنة بيضاء | G51: ING-CHEESE-WHITE | H51: كغ
A52: تونة متوسطية | C52: سندويشات هَب | F52: جبنة برغر | G52: ING-CHEESE-BURGER | H52: عبوة | I52: 20000
A53: دجاج وثوم | C53: سندويشات هَب | F53: جبنة موزاريلا | G53: ING-CHEESE-MOZZARELLA | H53: كغ
A54: دجاج حار | C54: سندويشات هَب | F54: جبنة حلوم | G54: ING-CHEESE-HALLOUMI | H54: كغ
A55: زبدة ومربى | C55: سندويشات هَب | F55: لبنة | G55: ING-DAIRY-LABNEH | H55: كغ
A56: قهوة تركية | C56: قهوة | F56: جبنة كريمية | G56: ING-CHEESE-CREAM | H56: كغ
A57: إسبريسو | C57: قهوة | F57: جبنة بارميزان | G57: ING-CHEESE-PARMESAN | H57: كغ
A58: كابتشينو | C58: قهوة | F58: آيس كريم فانيلا | G58: ING-DAIRY-ICECREAM-VAN | H58: كغ
A59: لاتيه | C59: قهوة | F59: شنينة جاهزة | G59: DRK-AYRAN-READY | H59: لتر
A60: أمريكانو | C60: قهوة | F60: صدر دجاج | G60: ING-MEAT-CHICKENBREAST | H60: كغ | I60: 35000
A61: موكا | C61: قهوة | F61: دجاج كامل | G61: ING-MEAT-WHOLECHICKEN | H61: كغ
A62: قهوة سريعة التحضير | C62: قهوة | F62: لحم بقر مكعبات | G62: ING-MEAT-BEEF-CUBES | H62: كغ
A63: قهوة مثلجة | C63: قهوة باردة | F63: لحم بقر مفروم | G63: ING-MEAT-BEEF-GROUND | H63: كغ
A64: آيس لاتيه | C64: قهوة باردة | F64: لحم غنم مكعبات | G64: ING-MEAT-LAMB-CUBES | H64: كغ
A65: آيس موكا | C65: قهوة باردة | F65: لحم غنم مفروم | G65: ING-MEAT-LAMB-GROUND | H65: كغ
A66: كركديه ساخن | C66: مشروبات ساخنة | F66: فخذ خروف | G66: ING-MEAT-LAMB-LEG | H66: كغ
A67: شاي هندي ساخن | C67: مشروبات ساخنة | F67: ستيك بقر | G67: ING-MEAT-BEEF-STEAK | H67: كغ
A68: تمر هندي بارد | C68: مشروبات باردة | F68: نقانق هوت دوغ | G68: ING-MEAT-HOTDOG | H68: قطعة | I68: 4000
A69: عصير بطيخ | C69: مشروبات باردة | F69: سجق حار | G69: ING-MEAT-SUJUK | H69: كغ
A70: كمون وليمون | C70: مشروبات ساخنة | F70: فيليه سمك | G70: ING-FISH-FILLET | H70: كغ
A71: ميلك شيك | C71: مشروبات باردة | F71: سمك كامل | G71: ING-FISH-WHOLE | H71: كغ
A72: سموذي | C72: مشروبات باردة | F72: كروش | G72: ING-OFFAL-TRIPE | H72: كغ
A73: كوكتيل فودكا | C73: كوكتيلات | F73: فوارغ | G73: ING-OFFAL-INTESTINE | H73: كغ
A74: موهيتو | C74: كوكتيلات | F74: فلافل جاهزة | G74: ING-PREP-FALAFEL | H74: قطعة
A75: كوكتيل ويسكي | C75: كوكتيلات | F75: حمص جاهز | G75: ING-PREP-HUMMUS | H75: كغ
A76: جين حبق | C76: كوكتيلات | F76: محمّرة جاهزة | G76: ING-PREP-MUHAMMARA | H76: كغ
A77: كأس نبيذ | C77: مشروبات كحولية | F77: طحين أبيض | G77: ING-DRY-WHITEFLOUR | H77: كغ | I77: 10000
A78: شوت تيكيلا | C78: مشروبات كحولية | F78: طحين ذرة | G78: ING-DRY-CORNFLOUR | H78: كغ
A79: شوت زيتونة وتاباسكو | C79: مشروبات كحولية | F79: سميد | G79: ING-DRY-SEMOLINA | H79: كغ
F80: بقسماط / كعك مطحون | G80: ING-DRY-BREADCRUMB | H80: كغ
F81: رز مصري | G81: ING-RICE-EGYPTIAN | H81: كغ | I81: 18000
F82: رز طويل الحبة | G82: ING-RICE-LONG | H82: كغ | I82: 23000
F83: رز بسمتي | G83: ING-RICE-BASMATI | H83: كغ
F84: برغل ناعم | G84: ING-GRAIN-BULGUR-FINE | H84: كغ
F85: برغل خشن | G85: ING-GRAIN-BULGUR-COARSE | H85: كغ
F86: فريكة | G86: ING-GRAIN-FREEKEH | H86: كغ
F87: معكرونة | G87: ING-PASTA-REGULAR | H87: كغ
F88: شرائح لازانيا | G88: ING-PASTA-LASAGNA | H88: كغ
F89: نودلز | G89: ING-PASTA-NOODLES | H89: كغ
F90: نيوكي | G90: ING-PASTA-GNOCCHI | H90: كغ
F91: مغربية | G91: ING-GRAIN-MOGHRABIEH | H91: كغ
F92: حمص حب | G92: ING-LEGUME-CHICKPEA | H92: كغ
F93: حمص معلب | G93: ING-CAN-CHICKPEA | H93: عبوة
F94: عدس أحمر | G94: ING-LEGUME-LENTIL-RED | H94: كغ
... F101: خبز عربي | G101: ING-BREAD-PITA | H101: قطعة
F102: خبز هوت دوغ | G102: ING-BREAD-HOTDOG | H102: قطعة | I102: 1000
F103: خبز برغر | G103: ING-BREAD-BURGER | H103: قطعة
F104: عجينة بف باستري | G104: ING-DOUGH-PUFF | H104: كغ
F105: رقائق فيلو | G105: ING-DOUGH-PHYLLO | H105: عبوة
F106: خميرة خبز جافة | G106: ING-BAKE-YEAST | H106: غ
F107: بيكنغ باودر | G107: ING-BAKE-POWDER | H107: غ
F108: نشا ذرة | G108: ING-BAKE-CORNSTARCH | H108: كغ
F109: طحينية | G109: ING-SAUCE-TAHINI | H109: كغ | I109: 70000
...
